_id,userId,firstName,middleName,lastName,email,phoneNumber,gender,doj,specializations,dob,city,state,experience,userType,subscribeNewsletter,passwords,__v
66125d506116598e0dae9e2a,Emp_0,Kaustubh,,Gupta,kaustubhgupta9860@gmail.com,8979630137,Male,09-03-2023,"['Microservices', 'Test-Driven Development', '.NET', 'Data Visualization']",07-04-2015,Bryanstad,Arizona,5,Admin,False,12345678,
66125d506116598e0dae9e2b,Emp_1,Cathy,Robert,Mata,johnbaker@example.com,(375)527-9939,Male,09-03-2023,"['Kubernetes', 'MySQL', 'C#', 'NoSQL']",07-04-2015,Bryanstad,Arizona,5,User,False,NQ@y9_Ov,
66125d506116598e0dae9e2c,Emp_2,David,Robert,Sanford,corymiller@example.com,248.611.9083,Male,16-06-2022,"['C#', 'DevOps', 'MongoDB', 'Objective-C']",16-08-1993,East Alexamouth,South Dakota,11,User,True,G)15(NdX,
66125d506116598e0dae9e2d,Emp_3,Kendra,Lauren,Sanchez,boothpatrick@example.com,001-853-345-0172x1681,Female,02-10-2022,"['HTML', 'Test-Driven Development', 'Google Cloud Platform', 'GraphQL']",30-07-1970,Christyburgh,Virginia,6,User,False,$rP2BHvI,
66125d506116598e0dae9e2e,Emp_4,Lauren,Tracy,Vargas,emorales@example.net,+1-932-448-8082x0694,Male,19-02-2024,"['NoSQL', 'Objective-C', 'Continuous Deployment', 'Continuous Integration']",07-07-1954,Robertstad,Colorado,20,User,True,h)4kTZYp,
66125d506116598e0dae9e2f,Emp_5,Kathryn,Bryan,Davis,autumnramirez@example.com,-6308,Male,05-09-2020,"['Flask', 'Angular', 'JavaScript', 'PostgreSQL']",21-05-1953,West Timothy,Montana,4,User,True,(Q)0Ws2y,
66125d506116598e0dae9e30,Emp_6,Tina,Dennis,Rose,bwood@example.net,+1-234-849-2848x903,Male,19-08-2020,"['Statistical Analysis', 'C#', 'Agile Methodologies', 'Docker']",19-09-1941,Wallacemouth,Nevada,6,User,True,%4IXkLt%,
66125d506116598e0dae9e31,Emp_7,Benjamin,Travis,Thomas,allenandrea@example.com,+1-731-328-3211x347,Male,20-02-2024,"['GraphQL', 'React', 'Penetration Testing', 'Kotlin']",08-11-1956,Natalieview,Connecticut,8,User,True,*78A1Hqu,
66125d506116598e0dae9e32,Emp_8,Brandon,Nathan,Wagner,weavernancy@example.org,943-336-6843,Male,28-01-2020,"['Microservices', 'Test-Driven Development', '.NET', 'Data Visualization']",17-02-2012,Matthewfort,New Mexico,10,User,False,0_5k#Dbg,
66125d506116598e0dae9e33,Emp_9,Patrick,Jason,Arnold,zferguson@example.com,(898)209-1253,Male,10-08-2020,"['MySQL', 'Kubernetes', 'Continuous Integration', 'Ruby']",15-03-1995,Bassstad,Oregon,7,User,False,#7OUp&cy,
66125d506116598e0dae9e34,Emp_10,Erin,Jessica,Hall,rcooley@example.net,+1-256-843-3864x5107,Female,11-09-2022,"['AWS', 'NoSQL', 'Angular', 'Objective-C']",29-05-1951,Lake Davidbury,Utah,3,User,True,)2C*qp2e,
66125d506116598e0dae9e35,Emp_11,Peggy,Christina,Herman,ojohnson@example.net,622-217-7571x521,Female,30-04-2021,"['GraphQL', 'Python', 'Statistical Analysis', 'Django']",01-11-1945,East Amandatown,Oklahoma,5,User,True,P(l4Cnh(,
66125d506116598e0dae9e36,Emp_12,Erica,Kristin,Williams,donna36@example.com,+1-402-565-1081x757,Male,26-01-2024,"['C#', 'Statistical Analysis', 'Node.js', 'Data Visualization']",29-10-2004,New David,Nebraska,18,User,True,+3@9CNlu,
66125d506116598e0dae9e37,Emp_13,Christy,Sarah,Kline,patricia66@example.com,309-398-4550,Female,04-02-2023,"['Kubernetes', 'CSS', 'Django', 'Kotlin']",30-09-1985,Conniemouth,Wyoming,15,User,True,+5nES5Dg,
66125d506116598e0dae9e38,Emp_14,William,Johnathan,Zamora,ppetersen@example.net,001-624-595-5950,Female,09-11-2021,"['Cryptography', 'JavaScript', 'Flask', 'Machine Learning']",03-05-1999,Shawnside,Maine,10,User,True,Yum%0fVb,
66125d506116598e0dae9e39,Emp_15,Danny,Julie,Oconnell,victor58@example.net,(733)345-9710x1705,Male,06-04-2021,"['MongoDB', 'Java', 'Agile Methodologies', 'PHP']",11-02-1948,East Nicholas,Oregon,13,User,False,wHg)5R8e,
66125d506116598e0dae9e3a,Emp_16,Alex,Desiree,Duke,todd46@example.net,001-528-304-8884x280,Male,16-08-2022,"['Machine Learning', 'Kubernetes', 'Continuous Deployment', 'Django']",04-10-1918,Melaniehaven,Louisiana,6,User,False,KKG)1cTm,
66125d506116598e0dae9e3b,Emp_17,Derrick,Brittany,Kelly,rrobinson@example.net,001-397-602-7900,Female,03-05-2023,"['Docker', 'RESTful API', 'Penetration Testing', 'Scrum']",27-12-1988,Watsonberg,Iowa,17,User,False,__223WWn,
66125d506116598e0dae9e3c,Emp_18,Nathan,Robert,Smith,braychristopher@example.net,(560)841-5138x930,Female,30-05-2020,"['NoSQL', 'DevOps', 'Microservices', 'JavaScript']",29-02-1940,West Suzanne,Louisiana,4,User,False,&0In)5Bc,
66125d506116598e0dae9e3d,Emp_19,Julie,Jeffrey,Peters,sjohnson@example.org,+1-256-322-4681x83949,Female,28-09-2020,"['Objective-C', 'Flask', 'Data Visualization', 'Continuous Integration']",03-04-2001,North Allisonside,Virginia,18,User,True,R%8AYfq2,
66125d506116598e0dae9e3e,Emp_20,Michael,Steve,Obrien,richardhood@example.com,001-242-721-4678x801,Male,18-02-2020,"['Python', 'Statistical Analysis', 'AWS', 'Artificial Intelligence']",16-04-1989,Ericmouth,Illinois,19,User,False,%64Nz@m!,
66125d506116598e0dae9e3f,Emp_21,Sarah,James,Crawford,williamwilliams@example.org,+1-611-901-9789x3062,Female,14-04-2022,"['Git', 'Cybersecurity', 'Flask', 'SQL']",24-05-1967,Stephanieton,New Jersey,13,User,True,*0K!LUTo,
66125d506116598e0dae9e40,Emp_22,John,Kenneth,Nelson,justinevans@example.org,9136471600,Female,16-05-2022,"['Java', 'Kubernetes', 'Angular', 'Azure']",27-05-1920,West Timothytown,New Hampshire,16,User,True,I&m5D1Ky,
66125d506116598e0dae9e41,Emp_23,Ronald,Daniel,Gonzalez,amberrobinson@example.org,(677)277-1182,Female,17-10-2021,"['Cryptography', 'Google Cloud Platform', 'Data Science', 'MySQL']",15-04-1963,Katelynside,Minnesota,13,User,True,6!$(3Nqb,
66125d506116598e0dae9e42,Emp_24,Anthony,Autumn,Goodman,charles22@example.com,399.371.6320x670,Male,11-06-2021,"['Flask', 'Google Cloud Platform', 'Node.js', 'Test-Driven Development']",07-04-1979,New Vincentfurt,New York,18,User,False,)7oj5Hgd,
66125d506116598e0dae9e43,Emp_25,Jodi,Jose,Gordon,mray@example.org,(712)971-1327x273,Male,09-04-2021,"['Data Visualization', 'Microservices', 'NoSQL', 'Kotlin']",16-12-1913,South Michele,Michigan,7,User,True,)8v2ADc0,
66125d506116598e0dae9e44,Emp_26,Michael,Scott,Thomas,matthewsjeffrey@example.net,(545)704-8326,Male,09-04-2021,"['Machine Learning', 'Ruby', 'Git', 'Angular']",03-11-2018,Rogersfurt,Massachusetts,19,User,False,@44JSWfm,
66125d506116598e0dae9e45,Emp_27,Kathleen,Michael,Le,christian10@example.com,725.295.3876,Male,12-12-2021,"['Test-Driven Development', 'Kotlin', 'Penetration Testing', '.NET']",07-01-2012,Lake Robertside,Montana,15,User,True,Z!#5LlmV,
66125d506116598e0dae9e46,Emp_28,James,Matthew,Jones,cohenheather@example.net,850-487-5305,Female,11-07-2020,"['Azure', 'Python', '.NET', 'Kotlin']",11-02-2008,Dixonview,Illinois,18,User,False,f$k0BCcz,
66125d506116598e0dae9e47,Emp_29,Mary,Samuel,Glenn,brenda12@example.net,366-343-9280x27111,Female,10-05-2021,"['Vue.js', 'Test-Driven Development', 'GraphQL', 'AWS']",26-12-1929,North Teresatown,Michigan,13,User,False,&wvn0vUk,
66125d506116598e0dae9e48,Emp_30,Brian,Michelle,Williams,katherine18@example.org,343.988.0246x011,Male,14-04-2023,"['Kubernetes', 'Behavior-Driven Development', 'Network Security', '.NET']",14-10-1922,Kathystad,Alabama,18,User,False,n^9W@_wy,
66125d506116598e0dae9e49,Emp_31,Tara,Richard,White,nortonsusan@example.net,001-921-468-1662x1240,Female,11-02-2021,"['.NET', 'AWS', 'Agile Methodologies', 'HTML']",25-09-1971,South Christopherland,Louisiana,3,User,False,4_*)3Mtg,
66125d506116598e0dae9e4a,Emp_32,Matthew,Regina,Valdez,barberjohnny@example.net,(595)954-2680,Female,13-12-2021,"['Agile Methodologies', 'Test-Driven Development', 'Microservices', 'Artificial Intelligence']",12-08-1941,North Stephanie,Iowa,20,User,False,(B7Y)Ef1,
66125d506116598e0dae9e4b,Emp_33,Mark,Marissa,Jimenez,debbie93@example.net,798.974.6348,Female,05-12-2022,"['Flask', 'Django', 'Google Cloud Platform', 'Data Science']",31-01-2004,New Belindafort,South Dakota,18,User,True,#!8Hx!39,
66125d506116598e0dae9e4c,Emp_34,Valerie,Aaron,White,cbruce@example.org,6522860248,Female,10-10-2022,"['Python', 'Git', 'Cryptography', 'Java']",10-12-1993,Cainchester,Nebraska,6,User,False,^Ev5FeL_,
66125d506116598e0dae9e4d,Emp_35,Megan,Michael,Cohen,ashleymontgomery@example.com,001-378-725-0881x75709,Female,09-01-2021,"['Continuous Integration', 'Angular', 'Network Security', 'Data Science']",11-03-2007,Turnermouth,Montana,16,User,False,#)x3@Qsg,
66125d506116598e0dae9e4e,Emp_36,Clayton,Micheal,Cruz,wisejames@example.org,(313)247-7837,Female,26-12-2023,"['Information Security', 'Kubernetes', 'NoSQL', 'Continuous Deployment']",18-10-2000,East Grantberg,Wisconsin,9,User,True,$b9pBjoj,
66125d506116598e0dae9e4f,Emp_37,Brenda,Jessica,Bennett,jlee@example.org,001-845-570-0363x87742,Female,31-08-2020,"['Scrum', 'PHP', 'Network Security', 'MongoDB']",03-07-1991,Tinaburgh,Mississippi,10,User,False,#NAME?,
66125d506116598e0dae9e50,Emp_38,Sherry,Roger,Hardy,andersonjack@example.net,9359869269,Female,14-07-2021,"['Behavior-Driven Development', 'Information Security', 'Microservices', 'PHP']",18-03-2024,Hallville,Mississippi,11,User,True,a_44EyGc,
66125d506116598e0dae9e51,Emp_39,Theresa,Mary,Steele,mariahjohnson@example.net,+1-239-396-6021x023,Female,05-06-2021,"['AWS', 'Microservices', 'Cryptography', 'Java']",12-10-1944,South Melissa,West Virginia,15,User,False,)5EoXK8j,
66125d506116598e0dae9e52,Emp_40,Christopher,Shannon,Montgomery,vanessajones@example.org,693.655.0880,Male,16-12-2020,"['GraphQL', 'Continuous Deployment', 'NoSQL', 'Ruby']",23-05-1936,New Colin,Arkansas,11,User,True,@Y2+KKwb,
66125d506116598e0dae9e53,Emp_41,Jennifer,Patrick,Wu,kathleen87@example.com,(552)985-0489x505,Male,24-12-2023,"['Statistical Analysis', 'Microservices', 'Containerization', 'Python']",10-08-1923,North Rachel,Vermont,7,User,False,!6%K9Ajg,
66125d506116598e0dae9e54,Emp_42,Carolyn,Desiree,Greene,kathleen94@example.org,(928)559-5243x9191,Female,03-08-2020,"['MySQL', 'Cryptography', 'Information Security', 'Django']",03-03-1960,Teresafort,Alaska,11,User,False,Z)s4RXUm,
66125d506116598e0dae9e55,Emp_43,Brandi,Daniel,Garcia,mcgeederek@example.org,974-719-9516,Female,17-02-2022,"['Docker', 'PostgreSQL', 'C#', 'MySQL']",16-01-1982,Kimberlyborough,Rhode Island,4,User,True,R)6UUzhg,
66125d506116598e0dae9e56,Emp_44,Nicole,Elaine,Parker,alice74@example.org,(842)444-3794x8472,Female,24-09-2023,"['Docker', 'Penetration Testing', 'Artificial Intelligence', 'Azure']",16-06-2022,Johnchester,New Jersey,1,User,False,%98BI3sR,
66125d506116598e0dae9e57,Emp_45,Bradley,Christopher,Williams,martinheather@example.com,3865541391,Male,14-12-2023,"['.NET', 'CI/CD', 'Containerization', 'AWS']",25-03-1937,Warrenside,Missouri,10,User,False,&0**79Uh,
66125d506116598e0dae9e58,Emp_46,Gary,Monica,Solis,susan86@example.com,828.985.5644x3848,Male,14-11-2020,"['CI/CD', 'NoSQL', 'PHP', 'Information Security']",20-08-1940,Davidsonton,Nebraska,9,User,False,J&3_Ngvy,
66125d506116598e0dae9e59,Emp_47,Robert,James,Marshall,vweiss@example.com,751.608.3207,Male,01-05-2022,"['Continuous Integration', 'Behavior-Driven Development', 'NoSQL', 'Docker']",25-02-1940,Ashleybury,North Dakota,11,User,False,#6M*3&r$,
66125d506116598e0dae9e5a,Emp_48,Victoria,Michael,Johnson,taylordominic@example.net,(900)927-3509,Male,23-06-2022,"['Node.js', 'Test-Driven Development', 'PostgreSQL', 'Kubernetes']",25-10-1998,Stuartton,New Mexico,8,User,False,3(48UTw$,
66125d506116598e0dae9e5b,Emp_49,Timothy,Philip,Obrien,gblackwell@example.org,+1-560-618-7889x88205,Male,13-07-2022,"['CI/CD', 'Django', 'Kubernetes', 'Java']",07-09-1910,Port Linda,Iowa,17,User,True,@P87DFPx,
66125d506116598e0dae9e5c,Emp_50,Connie,Paula,Murphy,rcox@example.org,(343)519-8180x721,Female,01-11-2021,"['React', 'Microservices', 'Test-Driven Development', 'CI/CD']",23-05-1928,North Robin,New York,9,User,False,#NAME?,
66125d506116598e0dae9e5d,Emp_51,Richard,Shelby,Jenkins,gabrielle67@example.net,001-445-525-5258x71943,Female,10-10-2022,"['CI/CD', 'PostgreSQL', 'Vue.js', 'Information Security']",27-04-1931,Carterton,Pennsylvania,17,User,False,#NAME?,
66125d506116598e0dae9e5e,Emp_52,Richard,Shane,Ferguson,sboone@example.org,001-992-987-5145x168,Male,07-01-2021,"['JavaScript', 'Containerization', 'React', 'Data Science']",21-10-1946,Davisport,Wisconsin,2,User,False,y^F7X+zL,
66125d506116598e0dae9e5f,Emp_53,Sharon,Raymond,Graham,lucasbrewer@example.com,541-253-5524x074,Female,20-11-2022,"['Objective-C', 'Penetration Testing', 'Flask', 'MongoDB']",15-08-1922,Jamesside,South Carolina,20,User,True,^3GPPz4),
66125d506116598e0dae9e60,Emp_54,Rebecca,Brooke,Black,richard77@example.org,001-890-679-7928x27401,Male,05-09-2021,"['AWS', 'Swift', 'Network Security', 'MySQL']",24-02-1930,Stacyburgh,North Carolina,18,User,True,98%8Bqii,
66125d506116598e0dae9e61,Emp_55,Thomas,Kimberly,Phillips,kiararuiz@example.net,001-896-548-5431x7499,Female,28-09-2023,"['Azure', 'Kubernetes', 'Scrum', 'Ruby']",23-11-2005,Markmouth,Hawaii,12,User,False,_3&eYA4k,
66125d506116598e0dae9e62,Emp_56,Joseph,Kimberly,Frank,toddclark@example.net,989-930-1811x071,Female,20-11-2021,"['Scrum', 'Java', 'Cryptography', 'Kotlin']",13-11-1997,South Amanda,California,18,User,False,x^1jaTze,
66125d506116598e0dae9e63,Emp_57,Sara,Brandon,Brown,jaystark@example.com,8059395381,Male,27-07-2023,"['PostgreSQL', 'Swift', 'MySQL', 'Data Analysis']",09-07-1950,Jordanview,West Virginia,15,User,False,L#oO3VYr,
66125d506116598e0dae9e64,Emp_58,Daniel,Christopher,Mckinney,lowekathy@example.com,001-445-376-2507,Female,22-04-2023,"['Test-Driven Development', 'Behavior-Driven Development', 'Data Analysis', 'AWS']",20-10-1908,Pamelaview,Hawaii,19,User,True,%S1JWeXB,
66125d506116598e0dae9e65,Emp_59,Jennifer,Teresa,Bailey,coxbrian@example.org,(963)676-4368,Male,09-08-2022,"['Swift', 'Data Science', 'CSS', 'Node.js']",31-10-1956,Martinport,Kentucky,8,User,False,5#53Cx0r,
66125d506116598e0dae9e66,Emp_60,Christina,Austin,Harrison,christina81@example.com,+1-232-334-7265x083,Female,24-09-2021,"['Continuous Integration', 'GraphQL', 'MongoDB', 'Flask']",31-05-1997,North Katieview,Kentucky,18,User,True,&a9!6SUv,
66125d506116598e0dae9e67,Emp_61,Heather,Jeremiah,Hawkins,zmiller@example.org,5819636511,Female,20-03-2021,"['PostgreSQL', 'Continuous Deployment', 'Cryptography', 'DevOps']",26-10-1992,East Tony,Nebraska,7,User,False,#v9C66By,
66125d506116598e0dae9e68,Emp_62,Gregory,Jennifer,Oconnor,ellisricky@example.net,001-453-258-5751x63218,Male,19-12-2020,"['Objective-C', 'Data Science', 'MongoDB', 'Microservices']",28-01-1952,Jonathanport,Nevada,11,User,True,7&3E^Epl,
66125d506116598e0dae9e69,Emp_63,Alexandra,Jennifer,King,coffeyryan@example.org,001-605-511-4290x5248,Male,16-11-2022,"['HTML', 'JavaScript', 'Microservices', 'Artificial Intelligence']",23-02-1915,Mendozafurt,Florida,17,User,True,J!5Miu*X,
66125d506116598e0dae9e6a,Emp_64,Bethany,Patricia,Lewis,hayden32@example.org,896-651-3409x736,Female,06-11-2021,"['Data Visualization', '.NET', 'Network Security', 'Statistical Analysis']",08-02-1960,East David,Mississippi,13,User,True,!8UCbiZ&,
66125d506116598e0dae9e6b,Emp_65,Kristin,Janice,Cruz,robin05@example.org,552-679-6494x181,Female,19-01-2023,"['JavaScript', 'Ruby', 'Statistical Analysis', 'Information Security']",01-09-2022,Samuelport,Texas,12,User,True,Jds@8oOt,
66125d506116598e0dae9e6c,Emp_66,Debra,Bethany,Mcintyre,jonathon83@example.com,(245)791-9730,Female,18-02-2020,"['Information Security', 'Django', 'PHP', 'Data Visualization']",26-04-1982,New Michelle,New Jersey,15,User,True,)27TZ#yv,
66125d506116598e0dae9e6d,Emp_67,Lance,Julia,Lopez,pberry@example.com,338-643-9524,Female,09-04-2020,"['.NET', 'Microservices', 'Ruby', 'Test-Driven Development']",10-06-1963,Bishopmouth,South Carolina,13,User,True,$0EZtOR%,
66125d506116598e0dae9e6e,Emp_68,Virginia,Edward,Rodriguez,kristinahernandez@example.com,613-304-7263x24467,Female,08-02-2023,"['RESTful API', 'Flask', 'MySQL', 'Continuous Deployment']",24-01-1970,New Joseph,Oklahoma,19,User,True,*j9DVzX5,
66125d506116598e0dae9e6f,Emp_69,Amy,Patrick,Soto,millsjason@example.org,369-288-6294,Female,05-02-2024,"['PostgreSQL', 'Java', 'Flask', 'Azure']",21-04-2013,East Dianeberg,Louisiana,5,User,False,2pk_6#Nt,
66125d506116598e0dae9e70,Emp_70,Derrick,Deborah,Taylor,hughesrichard@example.com,787-673-6832x04109,Male,12-05-2021,"['Python', 'Information Security', 'Statistical Analysis', 'Flask']",16-03-2010,Jacksontown,New Hampshire,7,User,True,4J%0nJ@b,
66125d506116598e0dae9e71,Emp_71,Robert,Jon,Warner,xchen@example.org,747-785-3169,Female,01-07-2022,"['Machine Learning', 'SQL', 'Behavior-Driven Development', 'Docker']",31-10-1953,Tylerhaven,Maine,1,User,False,T^n9Epyi,
66125d506116598e0dae9e72,Emp_72,Christine,Mary,Sellers,mfrazier@example.com,(747)641-2300,Female,14-12-2020,"['Kubernetes', 'MySQL', 'Test-Driven Development', 'Continuous Deployment']",07-02-1942,Juliefort,Mississippi,9,User,True,^q&3Fx@r,
66125d506116598e0dae9e73,Emp_73,Paul,Bryce,Palmer,felicia63@example.net,8545265790,Female,16-02-2022,"['Continuous Integration', 'Git', 'RESTful API', 'Data Analysis']",30-03-1982,Lauraland,Washington,15,User,True,n^H1lRMg,
66125d506116598e0dae9e74,Emp_74,Brittany,Daniel,Davila,elizabeth89@example.com,(681)523-1691x233,Female,24-02-2024,"['PHP', 'Flask', 'Java', 'Cybersecurity']",26-05-1955,Robertsport,Vermont,7,User,False,$!6HBDRc,
66125d506116598e0dae9e75,Emp_75,James,Leonard,Fleming,amyblake@example.org,+1-240-863-9322x711,Female,09-02-2021,"['Agile Methodologies', 'CSS', 'Data Science', 'Statistical Analysis']",06-05-2006,Lake Joel,Arizona,10,User,True,)x4DvyaW,
66125d506116598e0dae9e76,Emp_76,Lori,Christopher,Martinez,jennifermyers@example.com,548.887.5596x937,Male,03-05-2022,"['HTML', 'AWS', 'Artificial Intelligence', 'Behavior-Driven Development']",31-03-2001,New Robert,Florida,1,User,False,#NAME?,
66125d506116598e0dae9e77,Emp_77,Christopher,Susan,Saunders,katelynbell@example.org,+1-651-808-0222x5408,Male,14-01-2021,"['Django', 'Machine Learning', 'Data Visualization', 'Python']",04-07-2006,Elizabethbury,California,20,User,True,%q)2SKxz,
66125d506116598e0dae9e78,Emp_78,Sarah,Samuel,White,rdixon@example.com,681.655.7556,Female,23-02-2022,"['Objective-C', 'Swift', 'Artificial Intelligence', 'Git']",25-06-1925,Watkinsside,New Jersey,19,User,False,^89TXyIo,
66125d506116598e0dae9e79,Emp_79,Michelle,Robert,Mooney,xharris@example.com,001-270-900-2415x38291,Male,01-11-2020,"['Machine Learning', 'Node.js', 'Containerization', 'Penetration Testing']",13-02-1918,Jasmineton,Illinois,19,User,False,1d*6WHmP,
66125d506116598e0dae9e7a,Emp_80,Margaret,Jasmine,Brewer,shane21@example.com,+1-997-563-8817x837,Male,14-02-2020,"['HTML', 'Agile Methodologies', 'Information Security', 'Data Science']",02-12-2015,New Patriciaville,Michigan,8,User,True,^PJv1Gqp,
66125d506116598e0dae9e7b,Emp_81,Jennifer,Rick,Howard,ramirezcindy@example.net,245-868-6468,Male,20-05-2020,"['Git', 'Django', 'Cryptography', 'Statistical Analysis']",10-06-1982,Michaelfort,Alaska,13,User,False,%419EtAh,
66125d506116598e0dae9e7c,Emp_82,Brandon,Elizabeth,Adams,changbrian@example.com,430.627.5399,Female,28-12-2022,"['Objective-C', 'Node.js', 'Flask', 'RESTful API']",26-11-2002,Boothshire,New Mexico,4,User,False,*X0qEK(r,
66125d506116598e0dae9e7d,Emp_83,Tracy,Mark,Moore,kennethrhodes@example.org,665-622-0128,Female,30-03-2023,"['Node.js', 'Objective-C', 'Java', 'Kotlin']",08-01-1951,Sherryshire,Iowa,11,User,False,fx!91XIj,
66125d506116598e0dae9e7e,Emp_84,Ian,Jonathan,Robinson,ecopeland@example.net,-7942,Male,18-02-2021,"['Machine Learning', 'Agile Methodologies', 'Django', 'C#']",16-12-1998,Jamesside,Georgia,1,User,False,(07eoW9x,
66125d506116598e0dae9e7f,Emp_85,Mark,John,Henry,rpierce@example.net,(622)279-2040x857,Male,09-12-2020,"['DevOps', 'Flask', 'Node.js', 'PHP']",15-09-1956,New Jennifer,Iowa,20,User,True,)^3I9dsK,
66125d506116598e0dae9e80,Emp_86,Joseph,Kevin,Byrd,ucarter@example.net,653-643-6697x7761,Male,05-02-2020,"['Data Visualization', 'PHP', 'DevOps', 'Flask']",27-12-2000,Lopezview,Louisiana,9,User,False,F&9CMgzn,
66125d506116598e0dae9e81,Emp_87,Justin,Brenda,Owens,hilllindsay@example.com,001-751-543-7299,Female,16-09-2020,"['Angular', 'RESTful API', 'HTML', 'CI/CD']",09-11-1932,Ricardoshire,Idaho,13,User,True,e+6(rMcf,
66125d506116598e0dae9e82,Emp_88,Christopher,Ryan,Trevino,jessicawilliams@example.net,490.337.9475x244,Female,24-05-2021,"['PHP', 'Flask', 'React', 'Artificial Intelligence']",10-05-1913,North Paul,Nebraska,12,User,False,0_!8Ht_z,
66125d506116598e0dae9e83,Emp_89,Alexander,Michael,Harris,dicksonhelen@example.org,001-257-346-7140x27252,Female,29-06-2022,"['Google Cloud Platform', 'Objective-C', 'Cybersecurity', 'Behavior-Driven Development']",09-04-1908,New Ericamouth,Oregon,14,User,True,8N#r7B3e,
66125d506116598e0dae9e84,Emp_90,John,Valerie,Blair,louismichael@example.com,880-766-1743x056,Female,13-01-2022,"['Continuous Deployment', 'Google Cloud Platform', 'Cybersecurity', 'Vue.js']",25-12-1922,Brendatown,Indiana,17,User,False,*4(fXcip,
66125d506116598e0dae9e85,Emp_91,Peter,Teresa,Soto,eguerrero@example.net,+1-346-203-5194x87589,Male,02-11-2021,"['RESTful API', 'AWS', 'Containerization', 'Django']",23-02-2024,Port Sarahside,Wyoming,17,User,False,)e69GGpa,
66125d506116598e0dae9e86,Emp_92,Robert,Alejandro,Cervantes,nicolas94@example.com,282-730-5171,Female,09-01-2020,"['Containerization', 'Data Visualization', '.NET', 'Node.js']",18-05-1998,Ritahaven,Rhode Island,19,User,False,6f#$09Mp,
66125d506116598e0dae9e87,Emp_93,Melissa,Brian,Mclean,christophermontoya@example.net,216-344-3642,Female,20-10-2020,"['GraphQL', 'Artificial Intelligence', 'AWS', 'Git']",30-08-1949,Huffton,Oklahoma,5,User,False,!8iR7Mb+,
66125d506116598e0dae9e88,Emp_94,Tony,Catherine,Nicholson,brandyday@example.com,001-783-326-5266x468,Male,15-10-2022,"['Docker', 'Swift', 'Artificial Intelligence', 'Continuous Integration']",21-07-1989,Peterschester,Washington,20,User,False,f7%q5XvB,
66125d506116598e0dae9e89,Emp_95,Brandon,Robert,Diaz,justin99@example.org,529.905.8958,Female,31-05-2020,"['Cybersecurity', 'MySQL', 'Information Security', 'PostgreSQL']",09-07-1982,Bryantchester,Arizona,15,User,True,9@+2H&xb,
66125d506116598e0dae9e8a,Emp_96,Billy,Joseph,Scott,hickmanhaley@example.com,(328)888-1049x080,Male,08-11-2023,"['Microservices', 'Google Cloud Platform', 'Scrum', 'Java']",14-01-1974,Holmestown,Tennessee,15,User,False,*T4sSy$j,
66125d506116598e0dae9e8b,Emp_97,Michael,Scott,Myers,martinezmary@example.com,+1-622-323-8243x15036,Male,03-01-2024,"['MongoDB', 'Behavior-Driven Development', 'Swift', 'GraphQL']",13-02-1981,Jessicahaven,South Dakota,15,User,False,@s#c59Lr,
66125d506116598e0dae9e8c,Emp_98,Michael,David,Rivera,sdavis@example.com,001-771-319-1978x956,Female,05-09-2023,"['Azure', 'Scrum', 'Data Science', 'Data Visualization']",14-07-2023,Howellfurt,Georgia,14,User,True,^_5xC^mJ,
66125d506116598e0dae9e8d,Emp_99,Steven,Paul,Wright,daniel65@example.net,804-392-7017x9361,Male,16-03-2021,"['Kotlin', 'Artificial Intelligence', 'Docker', 'Java']",28-01-1923,Peterburgh,New Jersey,12,User,True,DD0&6XWe,
66125d506116598e0dae9e8e,Emp_100,Richard,Robert,Jackson,uhunt@example.com,(624)985-2926x583,Female,10-03-2022,"['Penetration Testing', 'Angular', 'Python', 'HTML']",11-02-1981,Lake Thomas,Nebraska,16,User,True,a&8J3zLl,
66125d506116598e0dae9e8f,Emp_101,Lisa,Heather,Scott,kimberlyball@example.com,+1-499-789-9816x83096,Male,17-05-2022,"['Git', 'Azure', 'DevOps', 'Angular']",25-02-1985,Simpsonshire,Washington,14,User,False,hCE+8)Na,
66125d506116598e0dae9e90,Emp_102,Matthew,Dawn,Wilson,daniel51@example.org,-10209,Male,06-03-2021,"['Java', 'Ruby', 'Google Cloud Platform', 'Scrum']",31-05-1942,Floresshire,Oregon,8,User,True,&lAe5Aek,
66125d506116598e0dae9e91,Emp_103,Travis,Patrick,Graham,tmendoza@example.net,001-732-814-4550x19312,Male,26-11-2022,"['Azure', 'Network Security', 'Information Security', 'Microservices']",13-06-2002,South Denise,Ohio,4,User,False,@nWm6Zfr,
66125d506116598e0dae9e92,Emp_104,Tanner,Leah,Ellis,tlove@example.net,382-776-7049,Male,28-04-2021,"['PHP', 'Kubernetes', 'Containerization', 'HTML']",09-03-1971,Danielleberg,Louisiana,5,User,True,##6sRzjC,
66125d506116598e0dae9e93,Emp_105,Phyllis,Robert,Heath,wardelizabeth@example.com,(779)911-3752x486,Female,17-01-2021,"['Cybersecurity', 'Kotlin', 'MySQL', 'Swift']",04-03-1925,Cameronfort,Mississippi,11,User,True,)6aKmQo5,
66125d506116598e0dae9e94,Emp_106,Catherine,Jon,Nguyen,leenicholas@example.org,246-862-0288,Female,18-10-2021,"['C#', 'Artificial Intelligence', 'Node.js', 'SQL']",01-10-1960,Pamelafort,West Virginia,18,User,True,F!1KK#!c,
66125d506116598e0dae9e95,Emp_107,Philip,Barbara,Graves,michaelkelly@example.com,(818)944-8988,Female,12-05-2023,"['Information Security', 'JavaScript', 'PostgreSQL', 'Test-Driven Development']",04-01-1935,Delacruzburgh,Mississippi,13,User,True,#)W9vUUd,
66125d506116598e0dae9e96,Emp_108,Stephanie,Stephanie,Harrington,elizabeth16@example.com,(572)653-4332,Female,04-05-2020,"['Objective-C', 'Data Science', 'GraphQL', 'Cybersecurity']",13-09-1984,Caitlynside,North Carolina,17,User,True,$h6Fe7Rf,
66125d506116598e0dae9e97,Emp_109,Richard,Tabitha,Johnson,zcoleman@example.com,620-555-2486x89656,Male,10-02-2020,"['Microservices', 'MySQL', 'Network Security', 'JavaScript']",06-02-2011,West Andrew,Virginia,7,User,False,GCt_2VMi,
66125d506116598e0dae9e98,Emp_110,Christine,Elizabeth,Taylor,melissacampbell@example.net,501-734-6456,Female,18-04-2020,"['Python', 'Cybersecurity', 'C#', 'CI/CD']",26-07-2017,South Jennifer,Georgia,20,User,False,#62A_6oZ,
66125d506116598e0dae9e99,Emp_111,Eric,Scott,Pacheco,martinkristine@example.com,545-343-5906x9456,Female,10-09-2021,"['Penetration Testing', 'Node.js', 'Test-Driven Development', 'Network Security']",12-07-1911,Lake Jeffreyview,Virginia,11,User,False,)(3N)#^a,
66125d506116598e0dae9e9a,Emp_112,Elizabeth,Scott,Walsh,jessedavis@example.org,248-535-9396x4481,Male,08-06-2021,"['Azure', 'Agile Methodologies', 'HTML', 'Vue.js']",12-05-1975,Andrewshire,Maryland,12,User,True,!V*9Dkkn,
66125d506116598e0dae9e9b,Emp_113,Courtney,Ronald,Wilson,johnsonmichael@example.com,493.252.2791x651,Male,19-04-2020,"['DevOps', 'SQL', 'Kubernetes', 'Test-Driven Development']",28-02-2020,Christopherfort,Texas,12,User,True,x_lv8GZf,
66125d506116598e0dae9e9c,Emp_114,Daniel,Shannon,Lewis,richardhays@example.org,873-470-0581x76153,Male,11-11-2020,"['Node.js', 'Machine Learning', 'GraphQL', 'Objective-C']",03-06-2019,Lake Michael,Illinois,2,User,False,z&n9K4bl,
66125d506116598e0dae9e9d,Emp_115,Charles,Ana,Lucas,fpatel@example.com,001-950-218-0039x8091,Male,29-09-2022,"['PHP', 'CI/CD', 'Machine Learning', 'Python']",14-11-1914,East Randybury,Colorado,5,User,True,^7AHcGf+,
66125d506116598e0dae9e9e,Emp_116,Kenneth,Nichole,Bryant,kcline@example.net,(303)612-4929,Male,01-03-2021,"['Vue.js', 'C#', 'MongoDB', 'HTML']",27-01-1909,West Reneetown,Hawaii,18,User,True,#2JNVznf,
66125d506116598e0dae9e9f,Emp_117,Thomas,Karen,Rodriguez,ibarrashawn@example.net,-9970,Female,17-02-2022,"['Django', 'Ruby', 'MongoDB', 'Microservices']",28-01-1992,Geraldtown,Ohio,14,User,False,v)N1Do7Q,
66125d506116598e0dae9ea0,Emp_118,Lindsay,Tammy,Frost,mendezcourtney@example.org,(741)838-2573,Female,03-07-2023,"['PHP', 'Scrum', 'Data Visualization', 'NoSQL']",07-10-2011,Ramirezberg,Georgia,15,User,False,#NAME?,
66125d506116598e0dae9ea1,Emp_119,Christina,Brandon,Stewart,alanstone@example.net,001-543-360-0421x6950,Male,11-01-2022,"['Swift', 'AWS', 'Java', 'Objective-C']",20-04-1987,Georgeton,Nebraska,20,User,False,@2&HKAik,
66125d506116598e0dae9ea2,Emp_120,Timothy,Angela,Ross,cortezalicia@example.com,(902)614-3771x695,Female,06-09-2020,"['RESTful API', 'Network Security', 'Microservices', 'Docker']",03-02-1918,Garciaburgh,New York,2,User,False,T+3&3D#o,
66125d506116598e0dae9ea3,Emp_121,Lori,Tanya,Morrow,dross@example.net,001-809-328-8826x26514,Male,28-12-2022,"['Scrum', 'Containerization', 'Flask', 'NoSQL']",11-11-1918,West Ruth,Wisconsin,13,User,True,9+T7w6Wo,
66125d506116598e0dae9ea4,Emp_122,James,Misty,Moses,jamie77@example.net,292-723-1623,Male,31-01-2023,"['Git', 'C#', 'Cryptography', 'Information Security']",25-11-1996,Obrienshire,Minnesota,7,User,True,G+9pYUzB,
66125d506116598e0dae9ea5,Emp_123,James,Darren,Hernandez,qsoto@example.net,842-257-0302x74448,Male,09-03-2020,"['Statistical Analysis', 'JavaScript', 'Scrum', 'Git']",16-03-1927,New Megan,South Dakota,20,User,False,B+(#2Iwz,
66125d506116598e0dae9ea6,Emp_124,Brittany,Laura,Hamilton,brandonfrye@example.com,(812)400-7534x895,Female,02-01-2023,"['Flask', 'Kubernetes', 'CI/CD', 'GraphQL']",24-12-1912,New Michaelfort,Virginia,9,User,True,@4$9Jl1R,
66125d506116598e0dae9ea7,Emp_125,Kathleen,Joshua,Clark,brittany61@example.com,(576)869-5991x5841,Male,06-01-2020,"['RESTful API', 'Containerization', 'MongoDB', 'Git']",06-06-1974,Stephanieside,South Dakota,2,User,True,o^eR79Dz,
66125d506116598e0dae9ea8,Emp_126,George,Erika,Molina,mitchelldawn@example.net,001-550-259-6123,Male,28-01-2020,"['Flask', 'Ruby', 'SQL', 'HTML']",17-06-2013,Lake Julie,West Virginia,11,User,True,t!x7QToW,
66125d506116598e0dae9ea9,Emp_127,William,Chad,Avila,kfisher@example.org,+1-345-891-5121x9223,Female,18-06-2022,"['Agile Methodologies', 'Machine Learning', 'NoSQL', 'Scrum']",14-07-1915,West Colleenville,Idaho,16,User,False,B#Q$*5Sq,
66125d506116598e0dae9eaa,Emp_128,Katrina,Drew,Brooks,nelsonerin@example.com,001-840-767-2803x7834,Male,18-09-2020,"['PHP', 'Git', 'Objective-C', 'Behavior-Driven Development']",16-05-1988,Port Philipbury,Montana,7,User,True,e)wp1xNk,
66125d506116598e0dae9eab,Emp_129,Justin,Cody,Silva,snowjennifer@example.org,551-784-7302x31319,Male,30-10-2023,"['Scrum', 'CI/CD', 'Azure', 'Kotlin']",17-12-1958,New Ericmouth,Texas,19,User,False,C^4B6pnq,
66125d506116598e0dae9eac,Emp_130,Richard,Chad,Morris,cranejames@example.net,+1-448-611-7060x59957,Female,23-11-2021,"['Behavior-Driven Development', 'Objective-C', 'Python', 'Java']",23-09-1941,Port Jeffreyland,Ohio,1,User,True,&)1Kn(a0,
66125d506116598e0dae9ead,Emp_131,Daniel,James,Reyes,mark24@example.com,431.595.1463x29640,Female,13-02-2022,"['Network Security', 'JavaScript', 'Data Analysis', 'Ruby']",06-03-1909,West Brandymouth,Colorado,19,User,True,O$U3Cxrn,
66125d506116598e0dae9eae,Emp_132,Andrea,Garrett,Walker,bmitchell@example.com,830.529.5754,Male,27-04-2021,"['Information Security', 'React', 'RESTful API', 'Containerization']",12-03-1916,Andreaborough,South Dakota,5,User,True,^N3Aw7C^,
66125d506116598e0dae9eaf,Emp_133,Christopher,Barry,Jefferson,guerrerojamie@example.net,-9355,Female,09-05-2023,"['Kubernetes', 'Information Security', 'MySQL', 'HTML']",30-04-1995,Collinsmouth,California,20,User,False,+9ESkP^_,
66125d506116598e0dae9eb0,Emp_134,Karen,Stephanie,Stein,jamesmartin@example.com,001-420-855-5328,Female,01-06-2021,"['PHP', 'Node.js', 'GraphQL', 'JavaScript']",01-10-1912,Owensville,Pennsylvania,3,User,True,^v0+A3Yb,
66125d506116598e0dae9eb1,Emp_135,Dustin,Leslie,Parrish,opoole@example.net,-1513,Female,14-05-2020,"['C#', 'Test-Driven Development', 'RESTful API', 'Python']",23-10-1950,West Marcomouth,Wyoming,2,User,False,)k8PoKnM,
66125d506116598e0dae9eb2,Emp_136,Courtney,Susan,Brown,christopher67@example.org,(364)378-1514x89521,Male,25-12-2020,"['Ruby', 'Information Security', 'Test-Driven Development', 'Machine Learning']",16-11-1984,Gilesside,Colorado,14,User,False,*8G!cnYG,
66125d506116598e0dae9eb3,Emp_137,Steven,Kelly,Morgan,aeverett@example.net,338-941-9559x461,Male,12-01-2023,"['HTML', 'Data Visualization', 'GraphQL', 'PHP']",26-03-1931,West Michellemouth,Pennsylvania,2,User,False,%_2N#ln9,
66125d506116598e0dae9eb4,Emp_138,Christina,Michael,Carlson,vtaylor@example.net,+1-496-523-7914x15183,Male,27-09-2023,"['CI/CD', 'Network Security', 'C#', 'Flask']",20-05-1966,Stephenland,California,7,User,False,v)Z4gAer,
66125d506116598e0dae9eb5,Emp_139,Tammy,Sean,Valdez,schang@example.net,001-749-442-6895,Female,02-06-2023,"['Kotlin', '.NET', 'Java', 'Penetration Testing']",23-12-2022,Shawnton,Mississippi,4,User,False,IE$2Ag%i,
66125d506116598e0dae9eb6,Emp_140,John,Christopher,Chase,sethvargas@example.net,001-522-935-1531,Male,11-10-2022,"['Agile Methodologies', 'Network Security', 'Behavior-Driven Development', 'Penetration Testing']",12-04-1918,Alexandriaville,Florida,20,User,True,x)T20C(h,
66125d506116598e0dae9eb7,Emp_141,Matthew,Rebecca,Shields,phaynes@example.org,252-288-3903x16850,Male,06-04-2020,"['C#', 'PostgreSQL', 'Swift', 'CSS']",19-09-1959,East Crystalfort,Mississippi,20,User,True,@7Xkw@Hj,
66125d506116598e0dae9eb8,Emp_142,Edwin,Karen,Rhodes,jacksonlauren@example.org,-2811,Male,21-11-2022,"['JavaScript', 'Data Analysis', 'Data Visualization', 'DevOps']",02-01-2014,Brittanybury,West Virginia,17,User,True,W*n0KNfI,
66125d506116598e0dae9eb9,Emp_143,Elizabeth,Tyler,Peters,danielle77@example.org,(467)200-7024x6844,Male,27-07-2022,"['.NET', 'Kotlin', 'MongoDB', 'Network Security']",02-09-1921,South Angelaberg,Arkansas,6,User,True,@(1ZpA5@,
66125d506116598e0dae9eba,Emp_144,Ryan,James,Moore,williamgarcia@example.org,899-920-5570x7623,Male,02-04-2020,"['Test-Driven Development', 'Flask', 'PostgreSQL', 'JavaScript']",24-06-1969,Santanaview,Wisconsin,14,User,True,_3LhYsNk,
66125d506116598e0dae9ebb,Emp_145,Michelle,Jesse,Weber,jbell@example.com,(970)985-1095x5513,Female,30-04-2020,"['AWS', 'Cryptography', 'Test-Driven Development', 'PostgreSQL']",29-12-2010,Gainesstad,Montana,19,User,False,%1joPmmh,
66125d506116598e0dae9ebc,Emp_146,Michael,Tiffany,Williams,barbara34@example.net,001-265-747-8863,Female,17-03-2021,"['Statistical Analysis', 'Machine Learning', 'Vue.js', 'Behavior-Driven Development']",29-11-1918,Lake Heatherborough,Oregon,17,User,False,^*ZT2(Di,
66125d506116598e0dae9ebd,Emp_147,Christopher,David,Jones,christopher06@example.com,001-704-443-4072x958,Female,11-04-2020,"['Continuous Deployment', 'JavaScript', 'MongoDB', 'Python']",26-07-1937,North Rachel,Tennessee,2,User,True,h_y53pBz,
66125d506116598e0dae9ebe,Emp_148,Julia,Allison,Hoffman,andrea85@example.com,001-439-387-5730x254,Male,26-05-2020,"['Data Visualization', 'Vue.js', 'Cryptography', 'Containerization']",02-07-1918,Frenchville,Hawaii,3,User,True,y%V1Wigq,
66125d506116598e0dae9ebf,Emp_149,Amanda,Gregory,Carter,phillipsdorothy@example.net,001-515-932-7368,Male,25-12-2022,"['Behavior-Driven Development', 'CI/CD', 'Azure', 'Java']",29-11-2001,Port Crystalland,Arizona,17,User,True,6y)((7Pc,
66125d506116598e0dae9ec0,Emp_150,Pamela,Matthew,Gonzalez,robert12@example.com,722.857.6197,Male,19-01-2021,"['Test-Driven Development', 'Continuous Deployment', 'Swift', 'Python']",25-02-2008,Krystalview,Florida,2,User,True,7@3MVnLs,
66125d506116598e0dae9ec1,Emp_151,Robin,David,Perez,donald65@example.com,(891)512-3889x479,Female,22-06-2022,"['Data Analysis', 'Angular', 'Scrum', 'Data Science']",04-11-2020,West Sharon,North Carolina,13,User,False,#NAME?,
66125d506116598e0dae9ec2,Emp_152,Olivia,Craig,Moss,robertsamber@example.org,(542)973-8311x259,Male,10-03-2024,"['Node.js', 'Objective-C', 'Azure', 'Data Visualization']",18-10-1963,South Annetteburgh,Massachusetts,6,User,True,$c6wUk#f,
66125d506116598e0dae9ec3,Emp_153,Susan,Tiffany,Howe,john25@example.net,+1-462-563-2275x455,Male,14-07-2021,"['Objective-C', 'PHP', 'Flask', 'CSS']",23-11-2012,North Lisa,Indiana,8,User,False,sY^1eSju,
66125d506116598e0dae9ec4,Emp_154,Stephen,Peter,Smith,moraelaine@example.org,(753)374-7073,Male,30-07-2023,"['Vue.js', 'PostgreSQL', 'Data Science', 'Statistical Analysis']",22-08-1979,Crystalstad,Maryland,19,User,True,^7K#pc1a,
66125d506116598e0dae9ec5,Emp_155,April,Jill,Dixon,natalienguyen@example.com,377.334.8223,Female,20-10-2020,"['Penetration Testing', 'Vue.js', 'Google Cloud Platform', 'Test-Driven Development']",10-12-1978,Francesborough,Alaska,11,User,True,Gn^97Blc,
66125d506116598e0dae9ec6,Emp_156,Mary,Kenneth,Quinn,georgegardner@example.net,752-231-9803,Female,07-08-2022,"['Cryptography', 'Google Cloud Platform', 'RESTful API', 'Test-Driven Development']",21-05-1924,Mcleantown,Hawaii,19,User,False,#R7U+rbx,
66125d506116598e0dae9ec7,Emp_157,Jessica,Riley,Martinez,qrodriguez@example.net,7425537289,Male,09-11-2021,"['CI/CD', 'Data Science', 'NoSQL', 'C#']",26-11-2017,New Denisestad,Vermont,13,User,True,o^7G&SQc,
66125d506116598e0dae9ec8,Emp_158,Nancy,Maria,Johnson,ysanchez@example.org,282.893.7373,Male,09-09-2023,"['C#', 'Scrum', 'Angular', 'Test-Driven Development']",19-05-1992,New Stacey,Florida,19,User,True,ks$65Lfu,
66125d506116598e0dae9ec9,Emp_159,Brent,John,Baldwin,katherinecooper@example.org,001-402-331-9470x35981,Male,26-06-2020,"['Data Analysis', 'PostgreSQL', 'Data Visualization', 'Node.js']",27-04-2007,Robertmouth,Arizona,19,User,False,2_rL91Bi,
66125d506116598e0dae9eca,Emp_160,Jeff,Jeremy,Sawyer,krystal63@example.org,5294569866,Female,03-02-2023,"['MySQL', 'Agile Methodologies', 'Microservices', 'DevOps']",07-03-1939,Port Erin,Illinois,8,User,False,+3QlRNzD,
66125d506116598e0dae9ecb,Emp_161,Grace,Jeremy,Gamble,newtonmichelle@example.org,781.293.8231,Female,01-02-2023,"['Django', 'Scrum', 'GraphQL', 'Kotlin']",28-07-1919,Adamsland,Pennsylvania,2,User,True,(_RB0SQx,
66125d506116598e0dae9ecc,Emp_162,Tracy,Thomas,Castillo,lawrencebrian@example.org,-2852,Female,13-10-2020,"['Angular', 'JavaScript', 'CI/CD', 'PostgreSQL']",19-06-1992,Nicholebury,Virginia,5,User,False,s^06D+8p,
66125d506116598e0dae9ecd,Emp_163,Alexa,Cindy,Zamora,gloriawhite@example.net,001-277-648-9189,Male,21-04-2021,"['Statistical Analysis', 'Data Analysis', 'HTML', 'Behavior-Driven Development']",01-12-1925,Melodyport,New Hampshire,6,User,False,Jj@8MJcD,
66125d506116598e0dae9ece,Emp_164,Shawna,Dawn,Parrish,nicholas75@example.net,667-219-0890,Male,02-05-2023,"['Agile Methodologies', 'JavaScript', 'PostgreSQL', '.NET']",26-08-1921,Kaufmanmouth,Arkansas,11,User,False,1@K*82Fp,
66125d506116598e0dae9ecf,Emp_165,Jean,Wayne,Flores,spenceralicia@example.org,+1-639-906-7920x33190,Male,15-11-2022,"['Continuous Integration', 'Objective-C', 'Test-Driven Development', 'Data Visualization']",24-04-2021,Reidtown,Maine,15,User,True,)2oc0Vaq,
66125d506116598e0dae9ed0,Emp_166,Jeremy,Adam,Henderson,john11@example.org,+1-542-305-4925x47233,Male,05-11-2023,"['Ruby', 'HTML', 'React', 'Penetration Testing']",18-12-1913,East Markmouth,Oregon,6,User,True,)@O8OfAa,
66125d506116598e0dae9ed1,Emp_167,Keith,Kyle,Holt,tara22@example.net,387-557-0389x51437,Male,24-05-2020,"['Penetration Testing', 'C#', 'Data Analysis', 'Ruby']",21-09-2010,North Michelle,Tennessee,16,User,True,$7Swxh5Y,
66125d506116598e0dae9ed2,Emp_168,Angela,Kevin,Henderson,rduncan@example.org,682.694.3361x77072,Male,29-06-2023,"['.NET', 'CI/CD', 'PHP', 'C#']",13-05-1956,North James,Mississippi,13,User,False,+c4DQVMc,
66125d506116598e0dae9ed3,Emp_169,April,Christina,Gordon,debbie82@example.net,(457)286-7285,Male,06-01-2020,"['Swift', 'JavaScript', 'Artificial Intelligence', 'DevOps']",19-02-1932,Huynhhaven,Wisconsin,20,User,False,4%D1PIn!,
66125d506116598e0dae9ed4,Emp_170,Kendra,Carl,Rice,mark78@example.org,001-778-230-5861x8268,Male,23-07-2020,"['Cybersecurity', 'Git', 'Java', 'Kubernetes']",14-12-1989,East Justinfurt,Hawaii,2,User,False,)_0Ruh*(,
66125d506116598e0dae9ed6,Emp_171,Louis,John,Robinson,margaretrobinson@example.net,-1078,Female,03-10-2022,"['Continuous Deployment', 'Scrum', 'Data Analysis', 'Java']",10-09-2006,Lake Martinhaven,Nevada,4,User,False,^@Z4!KWs,
66125d506116598e0dae9ed7,Emp_172,Jonathan,Samantha,Patel,gonzalesbrian@example.org,001-515-605-2768x915,Male,13-01-2021,"['MongoDB', 'HTML', 'Continuous Integration', 'SQL']",14-07-1939,West Paulland,Vermont,17,User,True,&aY7YEcR,
66125d506116598e0dae9ed8,Emp_173,Donna,Hannah,Weber,derekwallace@example.net,+1-676-971-1053x02399,Male,02-02-2021,"['Continuous Deployment', 'Python', 'JavaScript', 'PHP']",04-08-2011,Katrinaview,Mississippi,11,User,True,&32Iqdr&,
66125d506116598e0dae9ed9,Emp_174,Brianna,Alisha,Medina,zacosta@example.org,001-770-710-1044x865,Male,29-03-2024,"['MongoDB', 'Python', 'Agile Methodologies', 'AWS']",12-09-1956,New Thomas,Florida,4,User,False,%dy7NL1u,
66125d506116598e0dae9eda,Emp_175,Lori,Katherine,Lawrence,mosskathryn@example.org,429-848-8934,Female,02-03-2022,"['Containerization', 'HTML', 'Scrum', 'Microservices']",02-03-2005,New Williambury,West Virginia,3,User,True,&8awUdIq,
66125d506116598e0dae9edb,Emp_176,Rachel,Sue,Green,michael38@example.org,908.762.4417x6725,Female,17-09-2022,"['MySQL', 'Django', 'Objective-C', 'Statistical Analysis']",03-08-1959,Lake Tanya,Oregon,5,User,False,!p8XJrJ+,
66125d506116598e0dae9edc,Emp_177,Justin,Dawn,Cunningham,david48@example.com,001-236-789-5310x08707,Male,14-05-2021,"['Statistical Analysis', 'Angular', 'NoSQL', 'Continuous Integration']",20-02-1963,North Angela,Nevada,9,User,False,H(8Jk!wX,
66125d506116598e0dae9edd,Emp_178,Monica,Monique,Jones,vsmith@example.net,396-906-8629x378,Male,28-01-2020,"['CSS', 'Cybersecurity', 'Containerization', 'Behavior-Driven Development']",18-07-1975,South Nicholetown,Georgia,10,User,False,)5J9NfD+,
66125d506116598e0dae9ede,Emp_179,Monica,Tammy,Ward,hodana@example.org,(627)894-5199,Male,14-10-2020,"['Django', 'Scrum', 'Java', 'Node.js']",11-03-1955,New Sharimouth,West Virginia,19,User,False,#7W7Cn$d,
66125d506116598e0dae9edf,Emp_180,Robin,Emily,Martinez,tylerhaley@example.com,799-811-4805,Female,19-05-2021,"['HTML', 'Docker', 'Machine Learning', 'CI/CD']",03-09-1987,Lake Carol,North Dakota,4,User,True,h%q9v3Hn,
66125d506116598e0dae9ee0,Emp_181,Andrew,Anthony,Cole,davisgregory@example.org,-9025,Female,23-09-2020,"['Continuous Deployment', 'GraphQL', 'PostgreSQL', 'Node.js']",09-09-1996,South Taylorberg,North Carolina,17,User,False,y^K9Ac2E,
66125d506116598e0dae9ee1,Emp_182,Steven,Chloe,Heath,amber95@example.com,873-316-6209,Male,18-06-2021,"['DevOps', 'Git', 'CI/CD', 'Containerization']",08-11-1961,Stephanieview,Washington,20,User,True,%7IIM(iP,
66125d506116598e0dae9ee2,Emp_183,Lisa,Jesse,Hudson,craiglaura@example.com,249.790.2331,Male,12-02-2024,"['Java', 'JavaScript', 'Information Security', 'Django']",27-06-1987,Thomaschester,Indiana,18,User,False,m)x@9Lzu,
66125d506116598e0dae9ee3,Emp_184,Eric,Janice,Snyder,kristyclark@example.net,+1-444-635-2803x9118,Female,15-04-2021,"['MySQL', 'RESTful API', 'Angular', 'Objective-C']",01-06-1979,New Natasha,Tennessee,17,User,False,*F4X6ZEc,
66125d506116598e0dae9ee4,Emp_185,Joshua,Pamela,Martinez,ramosaaron@example.net,455.600.0875x0738,Male,09-03-2022,"['CSS', 'Python', 'Node.js', 'Azure']",16-12-1963,Gardnerstad,Virginia,2,User,True,)35^DwAk,
66125d506116598e0dae9ee5,Emp_186,Carrie,Gina,Zimmerman,daniel11@example.net,738.281.5913x3531,Female,22-08-2021,"['Objective-C', 'Cybersecurity', 'Kotlin', 'Node.js']",04-05-2009,Gentrytown,Wyoming,17,User,False,^+3tXnmq,
66125d506116598e0dae9ee6,Emp_187,Carolyn,Allison,Woods,amanda10@example.com,(206)404-9468,Male,21-02-2023,"['Test-Driven Development', 'Network Security', 'Java', 'Microservices']",15-12-2007,South Lindafurt,Missouri,15,User,True,_P8tSdBx,
66125d506116598e0dae9ee7,Emp_188,Sandra,Janet,Dixon,jarvisrobert@example.com,318.429.0841,Male,16-11-2020,"['Google Cloud Platform', 'Docker', 'GraphQL', 'NoSQL']",13-07-2001,East Amyton,West Virginia,6,User,True,7*3wIMht,
66125d506116598e0dae9ee8,Emp_189,Kelly,Savannah,Turner,hayesdeanna@example.com,+1-994-755-5823x6594,Male,02-04-2024,"['Microservices', 'Artificial Intelligence', 'Kotlin', 'Data Science']",16-10-1916,Hannaland,Maryland,20,User,False,H+8BCwvC,
66125d506116598e0dae9ee9,Emp_190,Dean,Deborah,Lopez,maria66@example.org,+1-352-735-6003x138,Male,16-11-2022,"['Machine Learning', 'Docker', 'C#', 'Data Science']",09-12-1922,New Christina,Alabama,11,User,False,#%cY1VaN,
66125d506116598e0dae9eea,Emp_191,Larry,Alan,Jackson,orrashley@example.net,(757)669-3888,Male,03-06-2022,"['Python', 'Objective-C', 'Ruby', 'PHP']",14-05-1984,Port Amanda,Louisiana,6,User,False,V&0E5QXv,
66125d506116598e0dae9eec,Emp_192,Tyrone,Christopher,Hernandez,ravenflores@example.com,001-812-681-4451x586,Male,02-06-2021,"['Scrum', 'Angular', 'Network Security', 'Data Analysis']",16-08-1911,Port Markside,Florida,11,User,False,p)*4BUvk,
66125d506116598e0dae9eed,Emp_193,Beth,Jessica,Mccall,jeremy07@example.org,(628)467-7576x5441,Female,18-03-2024,"['CSS', 'Scrum', 'Node.js', 'Docker']",07-10-1984,Armstrongview,Florida,20,User,True,j%5K6Bls,
66125d506116598e0dae9eee,Emp_194,Tanya,Nicholas,Williams,lanejennifer@example.org,(784)752-2980x411,Male,24-11-2020,"['NoSQL', 'React', 'DevOps', 'Data Science']",05-12-1913,Smithburgh,Kansas,8,User,False,(g4N*Axj,
66125d506116598e0dae9eef,Emp_195,William,Kimberly,Johnson,daniellebowman@example.com,+1-563-427-4742x72095,Male,14-06-2023,"['PHP', 'React', 'Angular', 'RESTful API']",23-07-1952,Lake Garybury,South Carolina,20,User,True,O+1jKOsR,
66125d506116598e0dae9ef0,Emp_196,John,Dorothy,Vaughn,gregory36@example.com,216-817-5154,Male,27-06-2020,"['GraphQL', '.NET', 'Cybersecurity', 'Information Security']",21-04-2013,East Gabriellashire,Massachusetts,11,User,False,e#2pHXhn,
66125d506116598e0dae9ef1,Emp_197,Alexandria,James,Martinez,sarah02@example.org,780.747.4095x109,Female,11-09-2020,"['Behavior-Driven Development', 'SQL', 'Information Security', 'Cryptography']",27-07-1934,New Douglas,Idaho,15,User,False,_5QyswoC,
66125d506116598e0dae9ef2,Emp_198,Mark,Beth,Arnold,franciscobishop@example.net,521.994.1324,Male,20-12-2022,"['.NET', 'HTML', 'Continuous Deployment', 'React']",25-11-2014,Wendyview,New Mexico,3,User,False,$54ULQoy,
66125d506116598e0dae9ef3,Emp_199,William,Cynthia,Golden,esantiago@example.org,911-554-7956,Female,02-08-2022,"['Machine Learning', 'Swift', 'Data Visualization', 'Docker']",13-12-1931,Stanleyborough,North Dakota,3,User,False,6*B*7VGm,
661396ff05c893fd32e8258c,Emp_210,Kaustubhhhh,,Gupta,kaustubhgupta@gbtghrththjmangroup.com,08979630137,female,2024-04-11 00:00:00,"DBT, Azure, Full Stack, NodeJs, JavaScript",2024-04-18 00:00:00,Dehradun,UK,3,employee,False,nofM,0.0
6613ae90bf1abb2367548caf,Emp_211,Kaustubhcddc,,Kaustubh,kacffvvustubhgupta@jmanefcdcddgroup.com,08979630137,male,2024-04-24 00:00:00,"DBT, Azure, Full Stack, NodeJs, JavaScript",2024-04-18 00:00:00,Dehradun,UK,3,admin,False,R9mW,0.0
66141aa9d68230c0a96e412c,,,,,,,,,,,,,,,,,0.0
