trainerId,trainerName,trainerDesignation,trainerRating,trainerSpecialization
9674711740,Herve,Associate Professor,5,ReactJS
2989366907,Lurleen,VP Sales,3,Javascript
1365651983,Harman,Software Test Engineer IV,4,Cloud
9893171522,Sayres,Human Resources Assistant III,3,DevOps
9792809882,Elsey,Geologist IV,3,Azure
8283012115,Hyacinthe,Data Coordinator,4,HtmlCSS
6690077310,Estella,Accountant II,5,ReactJS
2678636976,Waylon,Teacher,4,DevOps
9434033735,Lancelot,Speech Pathologist,1,ReactJS
8913046070,Madlen,Information Systems Manager,2,Cloud
6357984299,Trescha,Nurse,5,Azure
7885676645,Justis,Research Nurse,4,Networking
4775284066,Errol,Electrical Engineer,1,Figma
4474520292,Constancia,Assistant Media Planner,5,Javascript
6871274311,Luci,Junior Executive,1,Networking
4392748960,Rabi,Data Coordinator,5,Cloud
9544996040,Amandi,Web Developer II,1,Javascript
7892028849,Miller,Accounting Assistant IV,5,Javascript
7836948947,Clare,Help Desk Technician,2,ReactJS
1012654513,Daniele,Marketing Assistant,3,Javascript
2258411288,Fleur,Research Associate,2,ReactJS
1569551734,Guilbert,Software Consultant,2,HtmlCSS
127976382,Elora,Programmer III,3,OS
6035574711,Winne,Graphic Designer,5,ReactJS
7711642321,Manny,Software Engineer III,1,ML
3350349724,Dolli,Senior Cost Accountant,1,Azure
5323172249,Artair,Financial Advisor,1,Figma
4900234692,Corinna,Account Executive,1,NodeJS
5854306653,Renard,Chemical Engineer,5,DBT
8238070968,Pamella,Human Resources Manager,1,ReactJS
6219493172,Philomena,Senior Quality Engineer,5,GitHub
5132755481,Cathlene,Senior Cost Accountant,4,NodeJS
7155083641,Corrinne,Librarian,2,Figma
8283012115,Hyacinthe,Help Desk Operator,5,OS
5313661905,Sapphire,Financial Advisor,1,WebScraping
9941979524,Bucky,Budget/Accounting Analyst IV,4,GitHub
9759471255,Mathe,Tax Accountant,1,ML
7989358648,Chariot,Web Designer III,2,ML
882656711,Darleen,Engineer II,3,ML
8730749381,Elita,Professor,4,DevOps
429698960,Cal,VP Sales,4,ML
322682935,Min,Design Engineer,2,DevOps
7340725304,Saxe,Director of Sales,1,Figma
7244170133,Laney,Safety Technician I,5,Figma
4667843857,Audra,VP Accounting,1,WebScraping
6563638213,Dahlia,Account Representative I,5,ML
2043925507,Lazare,Programmer II,5,WebScraping
9635606807,Edward,Dental Hygienist,2,DBT
9792809882,Elsey,Help Desk Technician,2,WebScraping
7401098269,Freddy,Legal Assistant,2,DevOps
