userId,firstName,middleName,lastName,email,phoneNumber,gender,doj,specializations,dob,city,state,experience,userType,subscribeNewsletter,passwords
Emp_0,Kaustubh,,Gupta,kaustubhgupta9860@gmail.com,8979630137,Male,09-03-2023,"['Microservices', 'Test-Driven Development', '.NET', 'Data Visualization']",07-04-2015,Bryanstad,Arizona,5,Admin,FALSE,12345678
Emp_1,Cathy,Robert,Mata,johnbaker@example.com,(375)527-9939,Male,09-03-2023,"['Kubernetes', 'MySQL', 'C#', 'NoSQL']",07-04-2015,Bryanstad,Arizona,5,User,FALSE,NQ@y9_Ov
Emp_2,David,Robert,Sanford,corymiller@example.com,248.611.9083,Male,16-06-2022,"['C#', 'DevOps', 'MongoDB', 'Objective-C']",16-08-1993,East Alexamouth,South Dakota,11,User,TRUE,G)15(NdX
Emp_3,Kendra,Lauren,Sanchez,boothpatrick@example.com,001-853-345-0172x1681,Female,02-10-2022,"['HTML', 'Test-Driven Development', 'Google Cloud Platform', 'GraphQL']",30-07-1970,Christyburgh,Virginia,6,User,FALSE,$rP2BHvI
Emp_4,Lauren,Tracy,Vargas,emorales@example.net,+1-932-448-8082x0694,Male,19-02-2024,"['NoSQL', 'Objective-C', 'Continuous Deployment', 'Continuous Integration']",07-07-1954,Robertstad,Colorado,20,User,TRUE,h)4kTZYp
Emp_5,Kathryn,Bryan,Davis,autumnramirez@example.com,-6308,Male,05-09-2020,"['Flask', 'Angular', 'JavaScript', 'PostgreSQL']",21-05-1953,West Timothy,Montana,4,User,TRUE,(Q)0Ws2y
Emp_6,Tina,Dennis,Rose,bwood@example.net,+1-234-849-2848x903,Male,19-08-2020,"['Statistical Analysis', 'C#', 'Agile Methodologies', 'Docker']",19-09-1941,Wallacemouth,Nevada,6,User,TRUE,%4IXkLt%
Emp_7,Benjamin,Travis,Thomas,allenandrea@example.com,+1-731-328-3211x347,Male,20-02-2024,"['GraphQL', 'React', 'Penetration Testing', 'Kotlin']",08-11-1956,Natalieview,Connecticut,8,User,TRUE,*78A1Hqu
Emp_8,Brandon,Nathan,Wagner,weavernancy@example.org,943-336-6843,Male,28-01-2020,"['Microservices', 'Test-Driven Development', '.NET', 'Data Visualization']",17-02-2012,Matthewfort,New Mexico,10,User,FALSE,0_5k#Dbg
Emp_9,Patrick,Jason,Arnold,zferguson@example.com,(898)209-1253,Male,10-08-2020,"['MySQL', 'Kubernetes', 'Continuous Integration', 'Ruby']",15-03-1995,Bassstad,Oregon,7,User,FALSE,#7OUp&cy
Emp_10,Erin,Jessica,Hall,rcooley@example.net,+1-256-843-3864x5107,Female,11-09-2022,"['AWS', 'NoSQL', 'Angular', 'Objective-C']",29-05-1951,Lake Davidbury,Utah,3,User,TRUE,)2C*qp2e
Emp_11,Peggy,Christina,Herman,ojohnson@example.net,622-217-7571x521,Female,30-04-2021,"['GraphQL', 'Python', 'Statistical Analysis', 'Django']",01-11-1945,East Amandatown,Oklahoma,5,User,TRUE,P(l4Cnh(
Emp_12,Erica,Kristin,Williams,donna36@example.com,+1-402-565-1081x757,Male,26-01-2024,"['C#', 'Statistical Analysis', 'Node.js', 'Data Visualization']",29-10-2004,New David,Nebraska,18,User,TRUE,+3@9CNlu
Emp_13,Christy,Sarah,Kline,patricia66@example.com,309-398-4550,Female,04-02-2023,"['Kubernetes', 'CSS', 'Django', 'Kotlin']",30-09-1985,Conniemouth,Wyoming,15,User,TRUE,+5nES5Dg
Emp_14,William,Johnathan,Zamora,ppetersen@example.net,001-624-595-5950,Female,09-11-2021,"['Cryptography', 'JavaScript', 'Flask', 'Machine Learning']",03-05-1999,Shawnside,Maine,10,User,TRUE,Yum%0fVb
Emp_15,Danny,Julie,Oconnell,victor58@example.net,(733)345-9710x1705,Male,06-04-2021,"['MongoDB', 'Java', 'Agile Methodologies', 'PHP']",11-02-1948,East Nicholas,Oregon,13,User,FALSE,wHg)5R8e
Emp_16,Alex,Desiree,Duke,todd46@example.net,001-528-304-8884x280,Male,16-08-2022,"['Machine Learning', 'Kubernetes', 'Continuous Deployment', 'Django']",04-10-1918,Melaniehaven,Louisiana,6,User,FALSE,KKG)1cTm
Emp_17,Derrick,Brittany,Kelly,rrobinson@example.net,001-397-602-7900,Female,03-05-2023,"['Docker', 'RESTful API', 'Penetration Testing', 'Scrum']",27-12-1988,Watsonberg,Iowa,17,User,FALSE,__223WWn
Emp_18,Nathan,Robert,Smith,braychristopher@example.net,(560)841-5138x930,Female,30-05-2020,"['NoSQL', 'DevOps', 'Microservices', 'JavaScript']",29-02-1940,West Suzanne,Louisiana,4,User,FALSE,&0In)5Bc
Emp_19,Julie,Jeffrey,Peters,sjohnson@example.org,+1-256-322-4681x83949,Female,28-09-2020,"['Objective-C', 'Flask', 'Data Visualization', 'Continuous Integration']",03-04-2001,North Allisonside,Virginia,18,User,TRUE,R%8AYfq2
Emp_20,Michael,Steve,Obrien,richardhood@example.com,001-242-721-4678x801,Male,18-02-2020,"['Python', 'Statistical Analysis', 'AWS', 'Artificial Intelligence']",16-04-1989,Ericmouth,Illinois,19,User,FALSE,%64Nz@m!
Emp_21,Sarah,James,Crawford,williamwilliams@example.org,+1-611-901-9789x3062,Female,14-04-2022,"['Git', 'Cybersecurity', 'Flask', 'SQL']",24-05-1967,Stephanieton,New Jersey,13,User,TRUE,*0K!LUTo
Emp_22,John,Kenneth,Nelson,justinevans@example.org,9136471600,Female,16-05-2022,"['Java', 'Kubernetes', 'Angular', 'Azure']",27-05-1920,West Timothytown,New Hampshire,16,User,TRUE,I&m5D1Ky
Emp_23,Ronald,Daniel,Gonzalez,amberrobinson@example.org,(677)277-1182,Female,17-10-2021,"['Cryptography', 'Google Cloud Platform', 'Data Science', 'MySQL']",15-04-1963,Katelynside,Minnesota,13,User,TRUE,6!$(3Nqb
Emp_24,Anthony,Autumn,Goodman,charles22@example.com,399.371.6320x670,Male,11-06-2021,"['Flask', 'Google Cloud Platform', 'Node.js', 'Test-Driven Development']",07-04-1979,New Vincentfurt,New York,18,User,FALSE,)7oj5Hgd
Emp_25,Jodi,Jose,Gordon,mray@example.org,(712)971-1327x273,Male,09-04-2021,"['Data Visualization', 'Microservices', 'NoSQL', 'Kotlin']",16-12-1913,South Michele,Michigan,7,User,TRUE,)8v2ADc0
Emp_26,Michael,Scott,Thomas,matthewsjeffrey@example.net,(545)704-8326,Male,09-04-2021,"['Machine Learning', 'Ruby', 'Git', 'Angular']",03-11-2018,Rogersfurt,Massachusetts,19,User,FALSE,@44JSWfm
Emp_27,Kathleen,Michael,Le,christian10@example.com,725.295.3876,Male,12-12-2021,"['Test-Driven Development', 'Kotlin', 'Penetration Testing', '.NET']",07-01-2012,Lake Robertside,Montana,15,User,TRUE,Z!#5LlmV
Emp_28,James,Matthew,Jones,cohenheather@example.net,850-487-5305,Female,11-07-2020,"['Azure', 'Python', '.NET', 'Kotlin']",11-02-2008,Dixonview,Illinois,18,User,FALSE,f$k0BCcz
Emp_29,Mary,Samuel,Glenn,brenda12@example.net,366-343-9280x27111,Female,10-05-2021,"['Vue.js', 'Test-Driven Development', 'GraphQL', 'AWS']",26-12-1929,North Teresatown,Michigan,13,User,FALSE,&wvn0vUk
Emp_30,Brian,Michelle,Williams,katherine18@example.org,343.988.0246x011,Male,14-04-2023,"['Kubernetes', 'Behavior-Driven Development', 'Network Security', '.NET']",14-10-1922,Kathystad,Alabama,18,User,FALSE,n^9W@_wy
Emp_31,Tara,Richard,White,nortonsusan@example.net,001-921-468-1662x1240,Female,11-02-2021,"['.NET', 'AWS', 'Agile Methodologies', 'HTML']",25-09-1971,South Christopherland,Louisiana,3,User,FALSE,4_*)3Mtg
Emp_32,Matthew,Regina,Valdez,barberjohnny@example.net,(595)954-2680,Female,13-12-2021,"['Agile Methodologies', 'Test-Driven Development', 'Microservices', 'Artificial Intelligence']",12-08-1941,North Stephanie,Iowa,20,User,FALSE,(B7Y)Ef1
Emp_33,Mark,Marissa,Jimenez,debbie93@example.net,798.974.6348,Female,05-12-2022,"['Flask', 'Django', 'Google Cloud Platform', 'Data Science']",31-01-2004,New Belindafort,South Dakota,18,User,TRUE,#!8Hx!39
Emp_34,Valerie,Aaron,White,cbruce@example.org,6522860248,Female,10-10-2022,"['Python', 'Git', 'Cryptography', 'Java']",10-12-1993,Cainchester,Nebraska,6,User,FALSE,^Ev5FeL_
Emp_35,Megan,Michael,Cohen,ashleymontgomery@example.com,001-378-725-0881x75709,Female,09-01-2021,"['Continuous Integration', 'Angular', 'Network Security', 'Data Science']",11-03-2007,Turnermouth,Montana,16,User,FALSE,#)x3@Qsg
Emp_36,Clayton,Micheal,Cruz,wisejames@example.org,(313)247-7837,Female,26-12-2023,"['Information Security', 'Kubernetes', 'NoSQL', 'Continuous Deployment']",18-10-2000,East Grantberg,Wisconsin,9,User,TRUE,$b9pBjoj
Emp_37,Brenda,Jessica,Bennett,jlee@example.org,001-845-570-0363x87742,Female,31-08-2020,"['Scrum', 'PHP', 'Network Security', 'MongoDB']",03-07-1991,Tinaburgh,Mississippi,10,User,FALSE,#NAME?
Emp_38,Sherry,Roger,Hardy,andersonjack@example.net,9359869269,Female,14-07-2021,"['Behavior-Driven Development', 'Information Security', 'Microservices', 'PHP']",18-03-2024,Hallville,Mississippi,11,User,TRUE,a_44EyGc
Emp_39,Theresa,Mary,Steele,mariahjohnson@example.net,+1-239-396-6021x023,Female,05-06-2021,"['AWS', 'Microservices', 'Cryptography', 'Java']",12-10-1944,South Melissa,West Virginia,15,User,FALSE,)5EoXK8j
Emp_40,Christopher,Shannon,Montgomery,vanessajones@example.org,693.655.0880,Male,16-12-2020,"['GraphQL', 'Continuous Deployment', 'NoSQL', 'Ruby']",23-05-1936,New Colin,Arkansas,11,User,TRUE,@Y2+KKwb
Emp_41,Jennifer,Patrick,Wu,kathleen87@example.com,(552)985-0489x505,Male,24-12-2023,"['Statistical Analysis', 'Microservices', 'Containerization', 'Python']",10-08-1923,North Rachel,Vermont,7,User,FALSE,!6%K9Ajg
Emp_42,Carolyn,Desiree,Greene,kathleen94@example.org,(928)559-5243x9191,Female,03-08-2020,"['MySQL', 'Cryptography', 'Information Security', 'Django']",03-03-1960,Teresafort,Alaska,11,User,FALSE,Z)s4RXUm
Emp_43,Brandi,Daniel,Garcia,mcgeederek@example.org,974-719-9516,Female,17-02-2022,"['Docker', 'PostgreSQL', 'C#', 'MySQL']",16-01-1982,Kimberlyborough,Rhode Island,4,User,TRUE,R)6UUzhg
Emp_44,Nicole,Elaine,Parker,alice74@example.org,(842)444-3794x8472,Female,24-09-2023,"['Docker', 'Penetration Testing', 'Artificial Intelligence', 'Azure']",16-06-2022,Johnchester,New Jersey,1,User,FALSE,%98BI3sR
Emp_45,Bradley,Christopher,Williams,martinheather@example.com,3865541391,Male,14-12-2023,"['.NET', 'CI/CD', 'Containerization', 'AWS']",25-03-1937,Warrenside,Missouri,10,User,FALSE,&0**79Uh
Emp_46,Gary,Monica,Solis,susan86@example.com,828.985.5644x3848,Male,14-11-2020,"['CI/CD', 'NoSQL', 'PHP', 'Information Security']",20-08-1940,Davidsonton,Nebraska,9,User,FALSE,J&3_Ngvy
Emp_47,Robert,James,Marshall,vweiss@example.com,751.608.3207,Male,01-05-2022,"['Continuous Integration', 'Behavior-Driven Development', 'NoSQL', 'Docker']",25-02-1940,Ashleybury,North Dakota,11,User,FALSE,#6M*3&r$
Emp_48,Victoria,Michael,Johnson,taylordominic@example.net,(900)927-3509,Male,23-06-2022,"['Node.js', 'Test-Driven Development', 'PostgreSQL', 'Kubernetes']",25-10-1998,Stuartton,New Mexico,8,User,FALSE,3(48UTw$
Emp_49,Timothy,Philip,Obrien,gblackwell@example.org,+1-560-618-7889x88205,Male,13-07-2022,"['CI/CD', 'Django', 'Kubernetes', 'Java']",07-09-1910,Port Linda,Iowa,17,User,TRUE,@P87DFPx
Emp_50,Connie,Paula,Murphy,rcox@example.org,(343)519-8180x721,Female,01-11-2021,"['React', 'Microservices', 'Test-Driven Development', 'CI/CD']",23-05-1928,North Robin,New York,9,User,FALSE,#NAME?
Emp_51,Richard,Shelby,Jenkins,gabrielle67@example.net,001-445-525-5258x71943,Female,10-10-2022,"['CI/CD', 'PostgreSQL', 'Vue.js', 'Information Security']",27-04-1931,Carterton,Pennsylvania,17,User,FALSE,#NAME?
Emp_52,Richard,Shane,Ferguson,sboone@example.org,001-992-987-5145x168,Male,07-01-2021,"['JavaScript', 'Containerization', 'React', 'Data Science']",21-10-1946,Davisport,Wisconsin,2,User,FALSE,y^F7X+zL
Emp_53,Sharon,Raymond,Graham,lucasbrewer@example.com,541-253-5524x074,Female,20-11-2022,"['Objective-C', 'Penetration Testing', 'Flask', 'MongoDB']",15-08-1922,Jamesside,South Carolina,20,User,TRUE,^3GPPz4)
Emp_54,Rebecca,Brooke,Black,richard77@example.org,001-890-679-7928x27401,Male,05-09-2021,"['AWS', 'Swift', 'Network Security', 'MySQL']",24-02-1930,Stacyburgh,North Carolina,18,User,TRUE,98%8Bqii
Emp_55,Thomas,Kimberly,Phillips,kiararuiz@example.net,001-896-548-5431x7499,Female,28-09-2023,"['Azure', 'Kubernetes', 'Scrum', 'Ruby']",23-11-2005,Markmouth,Hawaii,12,User,FALSE,_3&eYA4k
Emp_56,Joseph,Kimberly,Frank,toddclark@example.net,989-930-1811x071,Female,20-11-2021,"['Scrum', 'Java', 'Cryptography', 'Kotlin']",13-11-1997,South Amanda,California,18,User,FALSE,x^1jaTze
Emp_57,Sara,Brandon,Brown,jaystark@example.com,8059395381,Male,27-07-2023,"['PostgreSQL', 'Swift', 'MySQL', 'Data Analysis']",09-07-1950,Jordanview,West Virginia,15,User,FALSE,L#oO3VYr
Emp_58,Daniel,Christopher,Mckinney,lowekathy@example.com,001-445-376-2507,Female,22-04-2023,"['Test-Driven Development', 'Behavior-Driven Development', 'Data Analysis', 'AWS']",20-10-1908,Pamelaview,Hawaii,19,User,TRUE,%S1JWeXB
Emp_59,Jennifer,Teresa,Bailey,coxbrian@example.org,(963)676-4368,Male,09-08-2022,"['Swift', 'Data Science', 'CSS', 'Node.js']",31-10-1956,Martinport,Kentucky,8,User,FALSE,5#53Cx0r
Emp_60,Christina,Austin,Harrison,christina81@example.com,+1-232-334-7265x083,Female,24-09-2021,"['Continuous Integration', 'GraphQL', 'MongoDB', 'Flask']",31-05-1997,North Katieview,Kentucky,18,User,TRUE,&a9!6SUv
Emp_61,Heather,Jeremiah,Hawkins,zmiller@example.org,5819636511,Female,20-03-2021,"['PostgreSQL', 'Continuous Deployment', 'Cryptography', 'DevOps']",26-10-1992,East Tony,Nebraska,7,User,FALSE,#v9C66By
Emp_62,Gregory,Jennifer,Oconnor,ellisricky@example.net,001-453-258-5751x63218,Male,19-12-2020,"['Objective-C', 'Data Science', 'MongoDB', 'Microservices']",28-01-1952,Jonathanport,Nevada,11,User,TRUE,7&3E^Epl
Emp_63,Alexandra,Jennifer,King,coffeyryan@example.org,001-605-511-4290x5248,Male,16-11-2022,"['HTML', 'JavaScript', 'Microservices', 'Artificial Intelligence']",23-02-1915,Mendozafurt,Florida,17,User,TRUE,J!5Miu*X
Emp_64,Bethany,Patricia,Lewis,hayden32@example.org,896-651-3409x736,Female,06-11-2021,"['Data Visualization', '.NET', 'Network Security', 'Statistical Analysis']",08-02-1960,East David,Mississippi,13,User,TRUE,!8UCbiZ&
Emp_65,Kristin,Janice,Cruz,robin05@example.org,552-679-6494x181,Female,19-01-2023,"['JavaScript', 'Ruby', 'Statistical Analysis', 'Information Security']",01-09-2022,Samuelport,Texas,12,User,TRUE,Jds@8oOt
Emp_66,Debra,Bethany,Mcintyre,jonathon83@example.com,(245)791-9730,Female,18-02-2020,"['Information Security', 'Django', 'PHP', 'Data Visualization']",26-04-1982,New Michelle,New Jersey,15,User,TRUE,)27TZ#yv
Emp_67,Lance,Julia,Lopez,pberry@example.com,338-643-9524,Female,09-04-2020,"['.NET', 'Microservices', 'Ruby', 'Test-Driven Development']",10-06-1963,Bishopmouth,South Carolina,13,User,TRUE,$0EZtOR%
Emp_68,Virginia,Edward,Rodriguez,kristinahernandez@example.com,613-304-7263x24467,Female,08-02-2023,"['RESTful API', 'Flask', 'MySQL', 'Continuous Deployment']",24-01-1970,New Joseph,Oklahoma,19,User,TRUE,*j9DVzX5
Emp_69,Amy,Patrick,Soto,millsjason@example.org,369-288-6294,Female,05-02-2024,"['PostgreSQL', 'Java', 'Flask', 'Azure']",21-04-2013,East Dianeberg,Louisiana,5,User,FALSE,2pk_6#Nt
Emp_70,Derrick,Deborah,Taylor,hughesrichard@example.com,787-673-6832x04109,Male,12-05-2021,"['Python', 'Information Security', 'Statistical Analysis', 'Flask']",16-03-2010,Jacksontown,New Hampshire,7,User,TRUE,4J%0nJ@b
Emp_71,Robert,Jon,Warner,xchen@example.org,747-785-3169,Female,01-07-2022,"['Machine Learning', 'SQL', 'Behavior-Driven Development', 'Docker']",31-10-1953,Tylerhaven,Maine,1,User,FALSE,T^n9Epyi
Emp_72,Christine,Mary,Sellers,mfrazier@example.com,(747)641-2300,Female,14-12-2020,"['Kubernetes', 'MySQL', 'Test-Driven Development', 'Continuous Deployment']",07-02-1942,Juliefort,Mississippi,9,User,TRUE,^q&3Fx@r
Emp_73,Paul,Bryce,Palmer,felicia63@example.net,8545265790,Female,16-02-2022,"['Continuous Integration', 'Git', 'RESTful API', 'Data Analysis']",30-03-1982,Lauraland,Washington,15,User,TRUE,n^H1lRMg
Emp_74,Brittany,Daniel,Davila,elizabeth89@example.com,(681)523-1691x233,Female,24-02-2024,"['PHP', 'Flask', 'Java', 'Cybersecurity']",26-05-1955,Robertsport,Vermont,7,User,FALSE,$!6HBDRc
Emp_75,James,Leonard,Fleming,amyblake@example.org,+1-240-863-9322x711,Female,09-02-2021,"['Agile Methodologies', 'CSS', 'Data Science', 'Statistical Analysis']",06-05-2006,Lake Joel,Arizona,10,User,TRUE,)x4DvyaW
Emp_76,Lori,Christopher,Martinez,jennifermyers@example.com,548.887.5596x937,Male,03-05-2022,"['HTML', 'AWS', 'Artificial Intelligence', 'Behavior-Driven Development']",31-03-2001,New Robert,Florida,1,User,FALSE,#NAME?
Emp_77,Christopher,Susan,Saunders,katelynbell@example.org,+1-651-808-0222x5408,Male,14-01-2021,"['Django', 'Machine Learning', 'Data Visualization', 'Python']",04-07-2006,Elizabethbury,California,20,User,TRUE,%q)2SKxz
Emp_78,Sarah,Samuel,White,rdixon@example.com,681.655.7556,Female,23-02-2022,"['Objective-C', 'Swift', 'Artificial Intelligence', 'Git']",25-06-1925,Watkinsside,New Jersey,19,User,FALSE,^89TXyIo
Emp_79,Michelle,Robert,Mooney,xharris@example.com,001-270-900-2415x38291,Male,01-11-2020,"['Machine Learning', 'Node.js', 'Containerization', 'Penetration Testing']",13-02-1918,Jasmineton,Illinois,19,User,FALSE,1d*6WHmP
Emp_80,Margaret,Jasmine,Brewer,shane21@example.com,+1-997-563-8817x837,Male,14-02-2020,"['HTML', 'Agile Methodologies', 'Information Security', 'Data Science']",02-12-2015,New Patriciaville,Michigan,8,User,TRUE,^PJv1Gqp
Emp_81,Jennifer,Rick,Howard,ramirezcindy@example.net,245-868-6468,Male,20-05-2020,"['Git', 'Django', 'Cryptography', 'Statistical Analysis']",10-06-1982,Michaelfort,Alaska,13,User,FALSE,%419EtAh
Emp_82,Brandon,Elizabeth,Adams,changbrian@example.com,430.627.5399,Female,28-12-2022,"['Objective-C', 'Node.js', 'Flask', 'RESTful API']",26-11-2002,Boothshire,New Mexico,4,User,FALSE,*X0qEK(r
Emp_83,Tracy,Mark,Moore,kennethrhodes@example.org,665-622-0128,Female,30-03-2023,"['Node.js', 'Objective-C', 'Java', 'Kotlin']",08-01-1951,Sherryshire,Iowa,11,User,FALSE,fx!91XIj
Emp_84,Ian,Jonathan,Robinson,ecopeland@example.net,-7942,Male,18-02-2021,"['Machine Learning', 'Agile Methodologies', 'Django', 'C#']",16-12-1998,Jamesside,Georgia,1,User,FALSE,(07eoW9x
Emp_85,Mark,John,Henry,rpierce@example.net,(622)279-2040x857,Male,09-12-2020,"['DevOps', 'Flask', 'Node.js', 'PHP']",15-09-1956,New Jennifer,Iowa,20,User,TRUE,)^3I9dsK
Emp_86,Joseph,Kevin,Byrd,ucarter@example.net,653-643-6697x7761,Male,05-02-2020,"['Data Visualization', 'PHP', 'DevOps', 'Flask']",27-12-2000,Lopezview,Louisiana,9,User,FALSE,F&9CMgzn
Emp_87,Justin,Brenda,Owens,hilllindsay@example.com,001-751-543-7299,Female,16-09-2020,"['Angular', 'RESTful API', 'HTML', 'CI/CD']",09-11-1932,Ricardoshire,Idaho,13,User,TRUE,e+6(rMcf
Emp_88,Christopher,Ryan,Trevino,jessicawilliams@example.net,490.337.9475x244,Female,24-05-2021,"['PHP', 'Flask', 'React', 'Artificial Intelligence']",10-05-1913,North Paul,Nebraska,12,User,FALSE,0_!8Ht_z
Emp_89,Alexander,Michael,Harris,dicksonhelen@example.org,001-257-346-7140x27252,Female,29-06-2022,"['Google Cloud Platform', 'Objective-C', 'Cybersecurity', 'Behavior-Driven Development']",09-04-1908,New Ericamouth,Oregon,14,User,TRUE,8N#r7B3e
Emp_90,John,Valerie,Blair,louismichael@example.com,880-766-1743x056,Female,13-01-2022,"['Continuous Deployment', 'Google Cloud Platform', 'Cybersecurity', 'Vue.js']",25-12-1922,Brendatown,Indiana,17,User,FALSE,*4(fXcip
Emp_91,Peter,Teresa,Soto,eguerrero@example.net,+1-346-203-5194x87589,Male,02-11-2021,"['RESTful API', 'AWS', 'Containerization', 'Django']",23-02-2024,Port Sarahside,Wyoming,17,User,FALSE,)e69GGpa
Emp_92,Robert,Alejandro,Cervantes,nicolas94@example.com,282-730-5171,Female,09-01-2020,"['Containerization', 'Data Visualization', '.NET', 'Node.js']",18-05-1998,Ritahaven,Rhode Island,19,User,FALSE,6f#$09Mp
Emp_93,Melissa,Brian,Mclean,christophermontoya@example.net,216-344-3642,Female,20-10-2020,"['GraphQL', 'Artificial Intelligence', 'AWS', 'Git']",30-08-1949,Huffton,Oklahoma,5,User,FALSE,!8iR7Mb+
Emp_94,Tony,Catherine,Nicholson,brandyday@example.com,001-783-326-5266x468,Male,15-10-2022,"['Docker', 'Swift', 'Artificial Intelligence', 'Continuous Integration']",21-07-1989,Peterschester,Washington,20,User,FALSE,f7%q5XvB
Emp_95,Brandon,Robert,Diaz,justin99@example.org,529.905.8958,Female,31-05-2020,"['Cybersecurity', 'MySQL', 'Information Security', 'PostgreSQL']",09-07-1982,Bryantchester,Arizona,15,User,TRUE,9@+2H&xb
Emp_96,Billy,Joseph,Scott,hickmanhaley@example.com,(328)888-1049x080,Male,08-11-2023,"['Microservices', 'Google Cloud Platform', 'Scrum', 'Java']",14-01-1974,Holmestown,Tennessee,15,User,FALSE,*T4sSy$j
Emp_97,Michael,Scott,Myers,martinezmary@example.com,+1-622-323-8243x15036,Male,03-01-2024,"['MongoDB', 'Behavior-Driven Development', 'Swift', 'GraphQL']",13-02-1981,Jessicahaven,South Dakota,15,User,FALSE,@s#c59Lr
Emp_98,Michael,David,Rivera,sdavis@example.com,001-771-319-1978x956,Female,05-09-2023,"['Azure', 'Scrum', 'Data Science', 'Data Visualization']",14-07-2023,Howellfurt,Georgia,14,User,TRUE,^_5xC^mJ
Emp_99,Steven,Paul,Wright,daniel65@example.net,804-392-7017x9361,Male,16-03-2021,"['Kotlin', 'Artificial Intelligence', 'Docker', 'Java']",28-01-1923,Peterburgh,New Jersey,12,User,TRUE,DD0&6XWe
Emp_100,Richard,Robert,Jackson,uhunt@example.com,(624)985-2926x583,Female,10-03-2022,"['Penetration Testing', 'Angular', 'Python', 'HTML']",11-02-1981,Lake Thomas,Nebraska,16,User,TRUE,a&8J3zLl
Emp_101,Lisa,Heather,Scott,kimberlyball@example.com,+1-499-789-9816x83096,Male,17-05-2022,"['Git', 'Azure', 'DevOps', 'Angular']",25-02-1985,Simpsonshire,Washington,14,User,FALSE,hCE+8)Na
Emp_102,Matthew,Dawn,Wilson,daniel51@example.org,-10209,Male,06-03-2021,"['Java', 'Ruby', 'Google Cloud Platform', 'Scrum']",31-05-1942,Floresshire,Oregon,8,User,TRUE,&lAe5Aek
Emp_103,Travis,Patrick,Graham,tmendoza@example.net,001-732-814-4550x19312,Male,26-11-2022,"['Azure', 'Network Security', 'Information Security', 'Microservices']",13-06-2002,South Denise,Ohio,4,User,FALSE,@nWm6Zfr
Emp_104,Tanner,Leah,Ellis,tlove@example.net,382-776-7049,Male,28-04-2021,"['PHP', 'Kubernetes', 'Containerization', 'HTML']",09-03-1971,Danielleberg,Louisiana,5,User,TRUE,##6sRzjC
Emp_105,Phyllis,Robert,Heath,wardelizabeth@example.com,(779)911-3752x486,Female,17-01-2021,"['Cybersecurity', 'Kotlin', 'MySQL', 'Swift']",04-03-1925,Cameronfort,Mississippi,11,User,TRUE,)6aKmQo5
Emp_106,Catherine,Jon,Nguyen,leenicholas@example.org,246-862-0288,Female,18-10-2021,"['C#', 'Artificial Intelligence', 'Node.js', 'SQL']",01-10-1960,Pamelafort,West Virginia,18,User,TRUE,F!1KK#!c
Emp_107,Philip,Barbara,Graves,michaelkelly@example.com,(818)944-8988,Female,12-05-2023,"['Information Security', 'JavaScript', 'PostgreSQL', 'Test-Driven Development']",04-01-1935,Delacruzburgh,Mississippi,13,User,TRUE,#)W9vUUd
Emp_108,Stephanie,Stephanie,Harrington,elizabeth16@example.com,(572)653-4332,Female,04-05-2020,"['Objective-C', 'Data Science', 'GraphQL', 'Cybersecurity']",13-09-1984,Caitlynside,North Carolina,17,User,TRUE,$h6Fe7Rf
Emp_109,Richard,Tabitha,Johnson,zcoleman@example.com,620-555-2486x89656,Male,10-02-2020,"['Microservices', 'MySQL', 'Network Security', 'JavaScript']",06-02-2011,West Andrew,Virginia,7,User,FALSE,GCt_2VMi
Emp_110,Christine,Elizabeth,Taylor,melissacampbell@example.net,501-734-6456,Female,18-04-2020,"['Python', 'Cybersecurity', 'C#', 'CI/CD']",26-07-2017,South Jennifer,Georgia,20,User,FALSE,#62A_6oZ
Emp_111,Eric,Scott,Pacheco,martinkristine@example.com,545-343-5906x9456,Female,10-09-2021,"['Penetration Testing', 'Node.js', 'Test-Driven Development', 'Network Security']",12-07-1911,Lake Jeffreyview,Virginia,11,User,FALSE,)(3N)#^a
Emp_112,Elizabeth,Scott,Walsh,jessedavis@example.org,248-535-9396x4481,Male,08-06-2021,"['Azure', 'Agile Methodologies', 'HTML', 'Vue.js']",12-05-1975,Andrewshire,Maryland,12,User,TRUE,!V*9Dkkn
Emp_113,Courtney,Ronald,Wilson,johnsonmichael@example.com,493.252.2791x651,Male,19-04-2020,"['DevOps', 'SQL', 'Kubernetes', 'Test-Driven Development']",28-02-2020,Christopherfort,Texas,12,User,TRUE,x_lv8GZf
Emp_114,Daniel,Shannon,Lewis,richardhays@example.org,873-470-0581x76153,Male,11-11-2020,"['Node.js', 'Machine Learning', 'GraphQL', 'Objective-C']",03-06-2019,Lake Michael,Illinois,2,User,FALSE,z&n9K4bl
Emp_115,Charles,Ana,Lucas,fpatel@example.com,001-950-218-0039x8091,Male,29-09-2022,"['PHP', 'CI/CD', 'Machine Learning', 'Python']",14-11-1914,East Randybury,Colorado,5,User,TRUE,^7AHcGf+
Emp_116,Kenneth,Nichole,Bryant,kcline@example.net,(303)612-4929,Male,01-03-2021,"['Vue.js', 'C#', 'MongoDB', 'HTML']",27-01-1909,West Reneetown,Hawaii,18,User,TRUE,#2JNVznf
Emp_117,Thomas,Karen,Rodriguez,ibarrashawn@example.net,-9970,Female,17-02-2022,"['Django', 'Ruby', 'MongoDB', 'Microservices']",28-01-1992,Geraldtown,Ohio,14,User,FALSE,v)N1Do7Q
Emp_118,Lindsay,Tammy,Frost,mendezcourtney@example.org,(741)838-2573,Female,03-07-2023,"['PHP', 'Scrum', 'Data Visualization', 'NoSQL']",07-10-2011,Ramirezberg,Georgia,15,User,FALSE,#NAME?
Emp_119,Christina,Brandon,Stewart,alanstone@example.net,001-543-360-0421x6950,Male,11-01-2022,"['Swift', 'AWS', 'Java', 'Objective-C']",20-04-1987,Georgeton,Nebraska,20,User,FALSE,@2&HKAik
Emp_120,Timothy,Angela,Ross,cortezalicia@example.com,(902)614-3771x695,Female,06-09-2020,"['RESTful API', 'Network Security', 'Microservices', 'Docker']",03-02-1918,Garciaburgh,New York,2,User,FALSE,T+3&3D#o
Emp_121,Lori,Tanya,Morrow,dross@example.net,001-809-328-8826x26514,Male,28-12-2022,"['Scrum', 'Containerization', 'Flask', 'NoSQL']",11-11-1918,West Ruth,Wisconsin,13,User,TRUE,9+T7w6Wo
Emp_122,James,Misty,Moses,jamie77@example.net,292-723-1623,Male,31-01-2023,"['Git', 'C#', 'Cryptography', 'Information Security']",25-11-1996,Obrienshire,Minnesota,7,User,TRUE,G+9pYUzB
Emp_123,James,Darren,Hernandez,qsoto@example.net,842-257-0302x74448,Male,09-03-2020,"['Statistical Analysis', 'JavaScript', 'Scrum', 'Git']",16-03-1927,New Megan,South Dakota,20,User,FALSE,B+(#2Iwz
Emp_124,Brittany,Laura,Hamilton,brandonfrye@example.com,(812)400-7534x895,Female,02-01-2023,"['Flask', 'Kubernetes', 'CI/CD', 'GraphQL']",24-12-1912,New Michaelfort,Virginia,9,User,TRUE,@4$9Jl1R
Emp_125,Kathleen,Joshua,Clark,brittany61@example.com,(576)869-5991x5841,Male,06-01-2020,"['RESTful API', 'Containerization', 'MongoDB', 'Git']",06-06-1974,Stephanieside,South Dakota,2,User,TRUE,o^eR79Dz
Emp_126,George,Erika,Molina,mitchelldawn@example.net,001-550-259-6123,Male,28-01-2020,"['Flask', 'Ruby', 'SQL', 'HTML']",17-06-2013,Lake Julie,West Virginia,11,User,TRUE,t!x7QToW
Emp_127,William,Chad,Avila,kfisher@example.org,+1-345-891-5121x9223,Female,18-06-2022,"['Agile Methodologies', 'Machine Learning', 'NoSQL', 'Scrum']",14-07-1915,West Colleenville,Idaho,16,User,FALSE,B#Q$*5Sq
Emp_128,Katrina,Drew,Brooks,nelsonerin@example.com,001-840-767-2803x7834,Male,18-09-2020,"['PHP', 'Git', 'Objective-C', 'Behavior-Driven Development']",16-05-1988,Port Philipbury,Montana,7,User,TRUE,e)wp1xNk
Emp_129,Justin,Cody,Silva,snowjennifer@example.org,551-784-7302x31319,Male,30-10-2023,"['Scrum', 'CI/CD', 'Azure', 'Kotlin']",17-12-1958,New Ericmouth,Texas,19,User,FALSE,C^4B6pnq
Emp_130,Richard,Chad,Morris,cranejames@example.net,+1-448-611-7060x59957,Female,23-11-2021,"['Behavior-Driven Development', 'Objective-C', 'Python', 'Java']",23-09-1941,Port Jeffreyland,Ohio,1,User,TRUE,&)1Kn(a0
Emp_131,Daniel,James,Reyes,mark24@example.com,431.595.1463x29640,Female,13-02-2022,"['Network Security', 'JavaScript', 'Data Analysis', 'Ruby']",06-03-1909,West Brandymouth,Colorado,19,User,TRUE,O$U3Cxrn
Emp_132,Andrea,Garrett,Walker,bmitchell@example.com,830.529.5754,Male,27-04-2021,"['Information Security', 'React', 'RESTful API', 'Containerization']",12-03-1916,Andreaborough,South Dakota,5,User,TRUE,^N3Aw7C^
Emp_133,Christopher,Barry,Jefferson,guerrerojamie@example.net,-9355,Female,09-05-2023,"['Kubernetes', 'Information Security', 'MySQL', 'HTML']",30-04-1995,Collinsmouth,California,20,User,FALSE,+9ESkP^_
Emp_134,Karen,Stephanie,Stein,jamesmartin@example.com,001-420-855-5328,Female,01-06-2021,"['PHP', 'Node.js', 'GraphQL', 'JavaScript']",01-10-1912,Owensville,Pennsylvania,3,User,TRUE,^v0+A3Yb
Emp_135,Dustin,Leslie,Parrish,opoole@example.net,-1513,Female,14-05-2020,"['C#', 'Test-Driven Development', 'RESTful API', 'Python']",23-10-1950,West Marcomouth,Wyoming,2,User,FALSE,)k8PoKnM
Emp_136,Courtney,Susan,Brown,christopher67@example.org,(364)378-1514x89521,Male,25-12-2020,"['Ruby', 'Information Security', 'Test-Driven Development', 'Machine Learning']",16-11-1984,Gilesside,Colorado,14,User,FALSE,*8G!cnYG
Emp_137,Steven,Kelly,Morgan,aeverett@example.net,338-941-9559x461,Male,12-01-2023,"['HTML', 'Data Visualization', 'GraphQL', 'PHP']",26-03-1931,West Michellemouth,Pennsylvania,2,User,FALSE,%_2N#ln9
Emp_138,Christina,Michael,Carlson,vtaylor@example.net,+1-496-523-7914x15183,Male,27-09-2023,"['CI/CD', 'Network Security', 'C#', 'Flask']",20-05-1966,Stephenland,California,7,User,FALSE,v)Z4gAer
Emp_139,Tammy,Sean,Valdez,schang@example.net,001-749-442-6895,Female,02-06-2023,"['Kotlin', '.NET', 'Java', 'Penetration Testing']",23-12-2022,Shawnton,Mississippi,4,User,FALSE,IE$2Ag%i
Emp_140,John,Christopher,Chase,sethvargas@example.net,001-522-935-1531,Male,11-10-2022,"['Agile Methodologies', 'Network Security', 'Behavior-Driven Development', 'Penetration Testing']",12-04-1918,Alexandriaville,Florida,20,User,TRUE,x)T20C(h
Emp_141,Matthew,Rebecca,Shields,phaynes@example.org,252-288-3903x16850,Male,06-04-2020,"['C#', 'PostgreSQL', 'Swift', 'CSS']",19-09-1959,East Crystalfort,Mississippi,20,User,TRUE,@7Xkw@Hj
Emp_142,Edwin,Karen,Rhodes,jacksonlauren@example.org,-2811,Male,21-11-2022,"['JavaScript', 'Data Analysis', 'Data Visualization', 'DevOps']",02-01-2014,Brittanybury,West Virginia,17,User,TRUE,W*n0KNfI
Emp_143,Elizabeth,Tyler,Peters,danielle77@example.org,(467)200-7024x6844,Male,27-07-2022,"['.NET', 'Kotlin', 'MongoDB', 'Network Security']",02-09-1921,South Angelaberg,Arkansas,6,User,TRUE,@(1ZpA5@
Emp_144,Ryan,James,Moore,williamgarcia@example.org,899-920-5570x7623,Male,02-04-2020,"['Test-Driven Development', 'Flask', 'PostgreSQL', 'JavaScript']",24-06-1969,Santanaview,Wisconsin,14,User,TRUE,_3LhYsNk
Emp_145,Michelle,Jesse,Weber,jbell@example.com,(970)985-1095x5513,Female,30-04-2020,"['AWS', 'Cryptography', 'Test-Driven Development', 'PostgreSQL']",29-12-2010,Gainesstad,Montana,19,User,FALSE,%1joPmmh
Emp_146,Michael,Tiffany,Williams,barbara34@example.net,001-265-747-8863,Female,17-03-2021,"['Statistical Analysis', 'Machine Learning', 'Vue.js', 'Behavior-Driven Development']",29-11-1918,Lake Heatherborough,Oregon,17,User,FALSE,^*ZT2(Di
Emp_147,Christopher,David,Jones,christopher06@example.com,001-704-443-4072x958,Female,11-04-2020,"['Continuous Deployment', 'JavaScript', 'MongoDB', 'Python']",26-07-1937,North Rachel,Tennessee,2,User,TRUE,h_y53pBz
Emp_148,Julia,Allison,Hoffman,andrea85@example.com,001-439-387-5730x254,Male,26-05-2020,"['Data Visualization', 'Vue.js', 'Cryptography', 'Containerization']",02-07-1918,Frenchville,Hawaii,3,User,TRUE,y%V1Wigq
Emp_149,Amanda,Gregory,Carter,phillipsdorothy@example.net,001-515-932-7368,Male,25-12-2022,"['Behavior-Driven Development', 'CI/CD', 'Azure', 'Java']",29-11-2001,Port Crystalland,Arizona,17,User,TRUE,6y)((7Pc
Emp_150,Pamela,Matthew,Gonzalez,robert12@example.com,722.857.6197,Male,19-01-2021,"['Test-Driven Development', 'Continuous Deployment', 'Swift', 'Python']",25-02-2008,Krystalview,Florida,2,User,TRUE,7@3MVnLs
Emp_151,Robin,David,Perez,donald65@example.com,(891)512-3889x479,Female,22-06-2022,"['Data Analysis', 'Angular', 'Scrum', 'Data Science']",04-11-2020,West Sharon,North Carolina,13,User,FALSE,#NAME?
Emp_152,Olivia,Craig,Moss,robertsamber@example.org,(542)973-8311x259,Male,10-03-2024,"['Node.js', 'Objective-C', 'Azure', 'Data Visualization']",18-10-1963,South Annetteburgh,Massachusetts,6,User,TRUE,$c6wUk#f
Emp_153,Susan,Tiffany,Howe,john25@example.net,+1-462-563-2275x455,Male,14-07-2021,"['Objective-C', 'PHP', 'Flask', 'CSS']",23-11-2012,North Lisa,Indiana,8,User,FALSE,sY^1eSju
Emp_154,Stephen,Peter,Smith,moraelaine@example.org,(753)374-7073,Male,30-07-2023,"['Vue.js', 'PostgreSQL', 'Data Science', 'Statistical Analysis']",22-08-1979,Crystalstad,Maryland,19,User,TRUE,^7K#pc1a
Emp_155,April,Jill,Dixon,natalienguyen@example.com,377.334.8223,Female,20-10-2020,"['Penetration Testing', 'Vue.js', 'Google Cloud Platform', 'Test-Driven Development']",10-12-1978,Francesborough,Alaska,11,User,TRUE,Gn^97Blc
Emp_156,Mary,Kenneth,Quinn,georgegardner@example.net,752-231-9803,Female,07-08-2022,"['Cryptography', 'Google Cloud Platform', 'RESTful API', 'Test-Driven Development']",21-05-1924,Mcleantown,Hawaii,19,User,FALSE,#R7U+rbx
Emp_157,Jessica,Riley,Martinez,qrodriguez@example.net,7425537289,Male,09-11-2021,"['CI/CD', 'Data Science', 'NoSQL', 'C#']",26-11-2017,New Denisestad,Vermont,13,User,TRUE,o^7G&SQc
Emp_158,Nancy,Maria,Johnson,ysanchez@example.org,282.893.7373,Male,09-09-2023,"['C#', 'Scrum', 'Angular', 'Test-Driven Development']",19-05-1992,New Stacey,Florida,19,User,TRUE,ks$65Lfu
Emp_159,Brent,John,Baldwin,katherinecooper@example.org,001-402-331-9470x35981,Male,26-06-2020,"['Data Analysis', 'PostgreSQL', 'Data Visualization', 'Node.js']",27-04-2007,Robertmouth,Arizona,19,User,FALSE,2_rL91Bi
Emp_160,Jeff,Jeremy,Sawyer,krystal63@example.org,5294569866,Female,03-02-2023,"['MySQL', 'Agile Methodologies', 'Microservices', 'DevOps']",07-03-1939,Port Erin,Illinois,8,User,FALSE,+3QlRNzD
Emp_161,Grace,Jeremy,Gamble,newtonmichelle@example.org,781.293.8231,Female,01-02-2023,"['Django', 'Scrum', 'GraphQL', 'Kotlin']",28-07-1919,Adamsland,Pennsylvania,2,User,TRUE,(_RB0SQx
Emp_162,Tracy,Thomas,Castillo,lawrencebrian@example.org,-2852,Female,13-10-2020,"['Angular', 'JavaScript', 'CI/CD', 'PostgreSQL']",19-06-1992,Nicholebury,Virginia,5,User,FALSE,s^06D+8p
Emp_163,Alexa,Cindy,Zamora,gloriawhite@example.net,001-277-648-9189,Male,21-04-2021,"['Statistical Analysis', 'Data Analysis', 'HTML', 'Behavior-Driven Development']",01-12-1925,Melodyport,New Hampshire,6,User,FALSE,Jj@8MJcD
Emp_164,Shawna,Dawn,Parrish,nicholas75@example.net,667-219-0890,Male,02-05-2023,"['Agile Methodologies', 'JavaScript', 'PostgreSQL', '.NET']",26-08-1921,Kaufmanmouth,Arkansas,11,User,FALSE,1@K*82Fp
Emp_165,Jean,Wayne,Flores,spenceralicia@example.org,+1-639-906-7920x33190,Male,15-11-2022,"['Continuous Integration', 'Objective-C', 'Test-Driven Development', 'Data Visualization']",24-04-2021,Reidtown,Maine,15,User,TRUE,)2oc0Vaq
Emp_166,Jeremy,Adam,Henderson,john11@example.org,+1-542-305-4925x47233,Male,05-11-2023,"['Ruby', 'HTML', 'React', 'Penetration Testing']",18-12-1913,East Markmouth,Oregon,6,User,TRUE,)@O8OfAa
Emp_167,Keith,Kyle,Holt,tara22@example.net,387-557-0389x51437,Male,24-05-2020,"['Penetration Testing', 'C#', 'Data Analysis', 'Ruby']",21-09-2010,North Michelle,Tennessee,16,User,TRUE,$7Swxh5Y
Emp_168,Angela,Kevin,Henderson,rduncan@example.org,682.694.3361x77072,Male,29-06-2023,"['.NET', 'CI/CD', 'PHP', 'C#']",13-05-1956,North James,Mississippi,13,User,FALSE,+c4DQVMc
Emp_169,April,Christina,Gordon,debbie82@example.net,(457)286-7285,Male,06-01-2020,"['Swift', 'JavaScript', 'Artificial Intelligence', 'DevOps']",19-02-1932,Huynhhaven,Wisconsin,20,User,FALSE,4%D1PIn!
Emp_170,Kendra,Carl,Rice,mark78@example.org,001-778-230-5861x8268,Male,23-07-2020,"['Cybersecurity', 'Git', 'Java', 'Kubernetes']",14-12-1989,East Justinfurt,Hawaii,2,User,FALSE,)_0Ruh*(
Emp_171,Louis,John,Robinson,margaretrobinson@example.net,-1078,Female,03-10-2022,"['Continuous Deployment', 'Scrum', 'Data Analysis', 'Java']",10-09-2006,Lake Martinhaven,Nevada,4,User,FALSE,^@Z4!KWs
Emp_172,Jonathan,Samantha,Patel,gonzalesbrian@example.org,001-515-605-2768x915,Male,13-01-2021,"['MongoDB', 'HTML', 'Continuous Integration', 'SQL']",14-07-1939,West Paulland,Vermont,17,User,TRUE,&aY7YEcR
Emp_173,Donna,Hannah,Weber,derekwallace@example.net,+1-676-971-1053x02399,Male,02-02-2021,"['Continuous Deployment', 'Python', 'JavaScript', 'PHP']",04-08-2011,Katrinaview,Mississippi,11,User,TRUE,&32Iqdr&
Emp_174,Brianna,Alisha,Medina,zacosta@example.org,001-770-710-1044x865,Male,29-03-2024,"['MongoDB', 'Python', 'Agile Methodologies', 'AWS']",12-09-1956,New Thomas,Florida,4,User,FALSE,%dy7NL1u
Emp_175,Lori,Katherine,Lawrence,mosskathryn@example.org,429-848-8934,Female,02-03-2022,"['Containerization', 'HTML', 'Scrum', 'Microservices']",02-03-2005,New Williambury,West Virginia,3,User,TRUE,&8awUdIq
Emp_176,Rachel,Sue,Green,michael38@example.org,908.762.4417x6725,Female,17-09-2022,"['MySQL', 'Django', 'Objective-C', 'Statistical Analysis']",03-08-1959,Lake Tanya,Oregon,5,User,FALSE,!p8XJrJ+
Emp_177,Justin,Dawn,Cunningham,david48@example.com,001-236-789-5310x08707,Male,14-05-2021,"['Statistical Analysis', 'Angular', 'NoSQL', 'Continuous Integration']",20-02-1963,North Angela,Nevada,9,User,FALSE,H(8Jk!wX
Emp_178,Monica,Monique,Jones,vsmith@example.net,396-906-8629x378,Male,28-01-2020,"['CSS', 'Cybersecurity', 'Containerization', 'Behavior-Driven Development']",18-07-1975,South Nicholetown,Georgia,10,User,FALSE,)5J9NfD+
Emp_179,Monica,Tammy,Ward,hodana@example.org,(627)894-5199,Male,14-10-2020,"['Django', 'Scrum', 'Java', 'Node.js']",11-03-1955,New Sharimouth,West Virginia,19,User,FALSE,#7W7Cn$d
Emp_180,Robin,Emily,Martinez,tylerhaley@example.com,799-811-4805,Female,19-05-2021,"['HTML', 'Docker', 'Machine Learning', 'CI/CD']",03-09-1987,Lake Carol,North Dakota,4,User,TRUE,h%q9v3Hn
Emp_181,Andrew,Anthony,Cole,davisgregory@example.org,-9025,Female,23-09-2020,"['Continuous Deployment', 'GraphQL', 'PostgreSQL', 'Node.js']",09-09-1996,South Taylorberg,North Carolina,17,User,FALSE,y^K9Ac2E
Emp_182,Steven,Chloe,Heath,amber95@example.com,873-316-6209,Male,18-06-2021,"['DevOps', 'Git', 'CI/CD', 'Containerization']",08-11-1961,Stephanieview,Washington,20,User,TRUE,%7IIM(iP
Emp_183,Lisa,Jesse,Hudson,craiglaura@example.com,249.790.2331,Male,12-02-2024,"['Java', 'JavaScript', 'Information Security', 'Django']",27-06-1987,Thomaschester,Indiana,18,User,FALSE,m)x@9Lzu
Emp_184,Eric,Janice,Snyder,kristyclark@example.net,+1-444-635-2803x9118,Female,15-04-2021,"['MySQL', 'RESTful API', 'Angular', 'Objective-C']",01-06-1979,New Natasha,Tennessee,17,User,FALSE,*F4X6ZEc
Emp_185,Joshua,Pamela,Martinez,ramosaaron@example.net,455.600.0875x0738,Male,09-03-2022,"['CSS', 'Python', 'Node.js', 'Azure']",16-12-1963,Gardnerstad,Virginia,2,User,TRUE,)35^DwAk
Emp_186,Carrie,Gina,Zimmerman,daniel11@example.net,738.281.5913x3531,Female,22-08-2021,"['Objective-C', 'Cybersecurity', 'Kotlin', 'Node.js']",04-05-2009,Gentrytown,Wyoming,17,User,FALSE,^+3tXnmq
Emp_187,Carolyn,Allison,Woods,amanda10@example.com,(206)404-9468,Male,21-02-2023,"['Test-Driven Development', 'Network Security', 'Java', 'Microservices']",15-12-2007,South Lindafurt,Missouri,15,User,TRUE,_P8tSdBx
Emp_188,Sandra,Janet,Dixon,jarvisrobert@example.com,318.429.0841,Male,16-11-2020,"['Google Cloud Platform', 'Docker', 'GraphQL', 'NoSQL']",13-07-2001,East Amyton,West Virginia,6,User,TRUE,7*3wIMht
Emp_189,Kelly,Savannah,Turner,hayesdeanna@example.com,+1-994-755-5823x6594,Male,02-04-2024,"['Microservices', 'Artificial Intelligence', 'Kotlin', 'Data Science']",16-10-1916,Hannaland,Maryland,20,User,FALSE,H+8BCwvC
Emp_190,Dean,Deborah,Lopez,maria66@example.org,+1-352-735-6003x138,Male,16-11-2022,"['Machine Learning', 'Docker', 'C#', 'Data Science']",09-12-1922,New Christina,Alabama,11,User,FALSE,#%cY1VaN
Emp_191,Larry,Alan,Jackson,orrashley@example.net,(757)669-3888,Male,03-06-2022,"['Python', 'Objective-C', 'Ruby', 'PHP']",14-05-1984,Port Amanda,Louisiana,6,User,FALSE,V&0E5QXv
Emp_192,Tyrone,Christopher,Hernandez,ravenflores@example.com,001-812-681-4451x586,Male,02-06-2021,"['Scrum', 'Angular', 'Network Security', 'Data Analysis']",16-08-1911,Port Markside,Florida,11,User,FALSE,p)*4BUvk
Emp_193,Beth,Jessica,Mccall,jeremy07@example.org,(628)467-7576x5441,Female,18-03-2024,"['CSS', 'Scrum', 'Node.js', 'Docker']",07-10-1984,Armstrongview,Florida,20,User,TRUE,j%5K6Bls
Emp_194,Tanya,Nicholas,Williams,lanejennifer@example.org,(784)752-2980x411,Male,24-11-2020,"['NoSQL', 'React', 'DevOps', 'Data Science']",05-12-1913,Smithburgh,Kansas,8,User,FALSE,(g4N*Axj
Emp_195,William,Kimberly,Johnson,daniellebowman@example.com,+1-563-427-4742x72095,Male,14-06-2023,"['PHP', 'React', 'Angular', 'RESTful API']",23-07-1952,Lake Garybury,South Carolina,20,User,TRUE,O+1jKOsR
Emp_196,John,Dorothy,Vaughn,gregory36@example.com,216-817-5154,Male,27-06-2020,"['GraphQL', '.NET', 'Cybersecurity', 'Information Security']",21-04-2013,East Gabriellashire,Massachusetts,11,User,FALSE,e#2pHXhn
Emp_197,Alexandria,James,Martinez,sarah02@example.org,780.747.4095x109,Female,11-09-2020,"['Behavior-Driven Development', 'SQL', 'Information Security', 'Cryptography']",27-07-1934,New Douglas,Idaho,15,User,FALSE,_5QyswoC
Emp_198,Mark,Beth,Arnold,franciscobishop@example.net,521.994.1324,Male,20-12-2022,"['.NET', 'HTML', 'Continuous Deployment', 'React']",25-11-2014,Wendyview,New Mexico,3,User,FALSE,$54ULQoy
Emp_199,William,Cynthia,Golden,esantiago@example.org,911-554-7956,Female,02-08-2022,"['Machine Learning', 'Swift', 'Data Visualization', 'Docker']",13-12-1931,Stanleyborough,North Dakota,3,User,FALSE,6*B*7VGm
