userId,trainingId,trainerId,trainingStatus,assessment_percentage_done,assessment_completion_time_in_hours,scoreAchievedInQuiz,quizPassedOrFailed,ratingGivenByTrainer
Emp_1,Training_37,Trainer_49,completed,100,13,54,passed,3
Emp_2,Training_42,Trainer_53,in_progress,15,34,,,5
Emp_3,Training_2,Trainer_37,completed,100,28,89,passed,1
Emp_4,Training_4,Trainer_13,in_progress,66,51,,,5
Emp_5,Training_20,Trainer_11,pending,0,,,,3
Emp_6,Training_44,Trainer_23,pending,0,,,,2
Emp_7,Training_23,Trainer_52,completed,100,3,43,failed,2
Emp_8,Training_41,Trainer_70,in_progress,11,9,,,1
Emp_9,Training_23,Trainer_74,in_progress,71,19,,,2
Emp_10,Training_71,Trainer_22,completed,100,11,62,passed,3
Emp_11,Training_32,Trainer_86,completed,100,34,60,passed,4
Emp_12,Training_100,Trainer_29,pending,0,,,,2
Emp_13,Training_3,Trainer_5,in_progress,7,39,,,3
Emp_14,Training_89,Trainer_10,in_progress,28,14,,,4
Emp_15,Training_9,Trainer_34,pending,0,,,,2
Emp_16,Training_11,Trainer_66,in_progress,100,25,,,2
Emp_17,Training_22,Trainer_43,in_progress,30,28,,,5
Emp_18,Training_97,Trainer_54,completed,100,27,15,failed,3
Emp_19,Training_35,Trainer_59,completed,100,54,11,failed,3
Emp_20,Training_5,Trainer_33,pending,0,,,,3
Emp_21,Training_71,Trainer_13,in_progress,8,6,,,3
Emp_22,Training_43,Trainer_3,in_progress,72,7,,,1
Emp_23,Training_93,Trainer_19,completed,100,60,52,passed,5
Emp_24,Training_2,Trainer_54,completed,100,50,98,passed,3
Emp_25,Training_41,Trainer_95,in_progress,40,16,,,3
Emp_26,Training_32,Trainer_32,pending,0,,,,5
Emp_27,Training_72,Trainer_70,in_progress,24,56,,,1
Emp_28,Training_84,Trainer_53,in_progress,10,28,,,5
Emp_29,Training_62,Trainer_89,completed,100,47,39,failed,2
Emp_30,Training_3,Trainer_59,pending,0,,,,5
Emp_31,Training_93,Trainer_26,in_progress,68,10,,,5
Emp_32,Training_75,Trainer_99,completed,100,13,45,failed,3
Emp_33,Training_39,Trainer_80,completed,100,20,40,failed,2
Emp_34,Training_59,Trainer_93,pending,0,,,,5
Emp_35,Training_47,Trainer_86,completed,100,5,77,passed,4
Emp_36,Training_55,Trainer_70,in_progress,0,9,,,4
Emp_37,Training_12,Trainer_91,in_progress,73,24,,,2
Emp_38,Training_53,Trainer_90,pending,0,,,,3
Emp_39,Training_37,Trainer_84,completed,100,40,40,failed,3
Emp_40,Training_88,Trainer_91,in_progress,93,55,,,1
Emp_41,Training_22,Trainer_11,pending,0,,,,5
Emp_42,Training_55,Trainer_96,in_progress,86,39,,,3
Emp_43,Training_94,Trainer_48,completed,100,22,92,passed,2
Emp_44,Training_64,Trainer_67,in_progress,39,20,,,4
Emp_45,Training_64,Trainer_27,pending,0,,,,4
Emp_46,Training_81,Trainer_92,pending,0,,,,5
Emp_47,Training_68,Trainer_69,pending,0,,,,5
Emp_48,Training_24,Trainer_3,completed,100,47,0,failed,3
Emp_49,Training_5,Trainer_37,in_progress,21,17,,,4
Emp_50,Training_27,Trainer_52,completed,100,33,0,failed,4
Emp_51,Training_60,Trainer_79,completed,100,34,10,failed,1
Emp_52,Training_4,Trainer_31,completed,100,60,86,passed,4
Emp_53,Training_65,Trainer_33,pending,0,,,,5
Emp_54,Training_26,Trainer_48,pending,0,,,,3
Emp_55,Training_70,Trainer_39,completed,100,15,63,passed,3
Emp_56,Training_75,Trainer_3,completed,100,10,68,passed,1
Emp_57,Training_20,Trainer_45,in_progress,25,43,,,2
Emp_58,Training_75,Trainer_95,pending,0,,,,5
Emp_59,Training_51,Trainer_1,completed,100,51,96,passed,5
Emp_60,Training_17,Trainer_29,in_progress,17,26,,,5
Emp_61,Training_39,Trainer_18,completed,100,55,43,failed,3
Emp_62,Training_18,Trainer_79,in_progress,40,46,,,2
Emp_63,Training_77,Trainer_77,completed,100,56,55,passed,3
Emp_64,Training_76,Trainer_83,in_progress,10,47,,,2
Emp_65,Training_68,Trainer_52,pending,0,,,,3
Emp_66,Training_33,Trainer_20,in_progress,82,12,,,5
Emp_67,Training_86,Trainer_36,pending,0,,,,4
Emp_68,Training_67,Trainer_8,completed,100,45,39,failed,1
Emp_69,Training_45,Trainer_86,completed,100,24,4,failed,3
Emp_70,Training_88,Trainer_8,completed,100,56,16,failed,3
Emp_71,Training_46,Trainer_19,completed,100,43,73,passed,5
Emp_72,Training_43,Trainer_37,pending,0,,,,2
Emp_73,Training_62,Trainer_74,completed,100,54,4,failed,3
Emp_74,Training_94,Trainer_26,in_progress,35,49,,,3
Emp_75,Training_48,Trainer_40,in_progress,18,46,,,3
Emp_76,Training_21,Trainer_41,pending,0,,,,3
Emp_77,Training_97,Trainer_39,pending,0,,,,5
Emp_78,Training_40,Trainer_9,in_progress,2,8,,,3
Emp_79,Training_87,Trainer_23,completed,100,39,90,passed,2
Emp_80,Training_61,Trainer_7,pending,0,,,,1
Emp_81,Training_65,Trainer_85,pending,0,,,,2
Emp_82,Training_66,Trainer_4,in_progress,79,8,,,3
Emp_83,Training_4,Trainer_47,completed,100,21,93,passed,1
Emp_84,Training_94,Trainer_98,completed,100,37,78,passed,1
Emp_85,Training_17,Trainer_71,completed,100,8,17,failed,2
Emp_86,Training_73,Trainer_34,pending,0,,,,4
Emp_87,Training_23,Trainer_48,pending,0,,,,4
Emp_88,Training_27,Trainer_66,in_progress,90,10,,,4
Emp_89,Training_39,Trainer_47,in_progress,50,37,,,5
Emp_90,Training_82,Trainer_27,completed,100,44,14,failed,1
Emp_91,Training_23,Trainer_43,pending,0,,,,1
Emp_92,Training_39,Trainer_81,pending,0,,,,5
Emp_93,Training_87,Trainer_74,pending,0,,,,5
Emp_94,Training_54,Trainer_31,in_progress,32,50,,,2
Emp_95,Training_18,Trainer_33,in_progress,2,1,,,4
Emp_96,Training_38,Trainer_60,completed,100,23,87,passed,1
Emp_97,Training_31,Trainer_42,in_progress,40,60,,,5
Emp_98,Training_7,Trainer_9,pending,0,,,,1
Emp_99,Training_65,Trainer_100,pending,0,,,,2
Emp_100,Training_100,Trainer_5,completed,100,4,33,failed,1
Emp_101,Training_97,Trainer_69,completed,100,45,95,passed,5
Emp_102,Training_75,Trainer_7,pending,0,,,,2
Emp_103,Training_7,Trainer_69,pending,0,,,,3
Emp_104,Training_62,Trainer_27,pending,0,,,,2
Emp_105,Training_1,Trainer_72,in_progress,44,31,,,3
Emp_106,Training_11,Trainer_27,completed,100,49,72,passed,5
Emp_107,Training_100,Trainer_96,pending,0,,,,3
Emp_108,Training_30,Trainer_12,completed,100,5,67,passed,4
Emp_109,Training_90,Trainer_94,pending,0,,,,1
Emp_110,Training_38,Trainer_5,pending,0,,,,3
Emp_111,Training_11,Trainer_48,in_progress,96,23,,,4
Emp_112,Training_14,Trainer_36,pending,0,,,,2
Emp_113,Training_45,Trainer_21,in_progress,33,32,,,3
Emp_114,Training_51,Trainer_100,completed,100,32,35,failed,4
Emp_115,Training_94,Trainer_8,completed,100,38,9,failed,4
Emp_116,Training_99,Trainer_23,completed,100,30,2,failed,3
Emp_117,Training_24,Trainer_79,in_progress,86,10,,,5
Emp_118,Training_54,Trainer_31,in_progress,41,32,,,2
Emp_119,Training_18,Trainer_64,pending,0,,,,5
Emp_120,Training_54,Trainer_42,completed,100,29,34,failed,3
Emp_121,Training_9,Trainer_55,pending,0,,,,2
Emp_122,Training_93,Trainer_49,in_progress,77,49,,,1
Emp_123,Training_30,Trainer_73,in_progress,9,3,,,2
Emp_124,Training_76,Trainer_18,in_progress,16,55,,,4
Emp_125,Training_78,Trainer_23,completed,100,11,52,passed,5
Emp_126,Training_17,Trainer_29,pending,0,,,,2
Emp_127,Training_91,Trainer_2,in_progress,71,54,,,3
Emp_128,Training_46,Trainer_62,pending,0,,,,5
Emp_129,Training_54,Trainer_4,pending,0,,,,2
Emp_130,Training_46,Trainer_5,in_progress,89,60,,,3
Emp_131,Training_19,Trainer_92,pending,0,,,,3
Emp_132,Training_30,Trainer_29,completed,100,24,80,passed,5
Emp_133,Training_6,Trainer_13,in_progress,84,16,,,5
Emp_134,Training_13,Trainer_60,completed,100,40,6,failed,5
Emp_135,Training_25,Trainer_36,completed,100,20,94,passed,1
Emp_136,Training_14,Trainer_28,pending,0,,,,5
Emp_137,Training_50,Trainer_61,in_progress,76,8,,,4
Emp_138,Training_21,Trainer_19,completed,100,58,71,passed,1
Emp_139,Training_10,Trainer_83,completed,100,1,22,failed,5
Emp_140,Training_25,Trainer_69,completed,100,39,36,failed,5
Emp_141,Training_18,Trainer_37,completed,100,11,15,failed,3
Emp_142,Training_48,Trainer_83,in_progress,80,44,,,3
Emp_143,Training_52,Trainer_4,in_progress,85,45,,,5
Emp_144,Training_1,Trainer_34,pending,0,,,,3
Emp_145,Training_75,Trainer_38,pending,0,,,,2
Emp_146,Training_71,Trainer_87,completed,100,16,48,failed,1
Emp_147,Training_63,Trainer_61,completed,100,30,89,passed,4
Emp_148,Training_26,Trainer_52,pending,0,,,,2
Emp_149,Training_18,Trainer_75,completed,100,30,6,failed,2
Emp_150,Training_69,Trainer_43,completed,100,22,18,failed,4
Emp_151,Training_1,Trainer_48,completed,100,59,72,passed,1
Emp_152,Training_46,Trainer_98,in_progress,65,10,,,1
Emp_153,Training_56,Trainer_82,completed,100,30,82,passed,1
Emp_154,Training_53,Trainer_66,completed,100,37,53,passed,1
Emp_155,Training_16,Trainer_21,in_progress,39,17,,,2
Emp_156,Training_79,Trainer_17,completed,100,46,100,passed,3
Emp_157,Training_24,Trainer_81,in_progress,93,0,,,5
Emp_158,Training_33,Trainer_16,pending,0,,,,1
Emp_159,Training_60,Trainer_64,pending,0,,,,2
Emp_160,Training_21,Trainer_83,pending,0,,,,4
Emp_161,Training_38,Trainer_16,pending,0,,,,5
Emp_162,Training_73,Trainer_10,completed,100,38,55,passed,3
Emp_163,Training_84,Trainer_22,pending,0,,,,5
Emp_164,Training_9,Trainer_25,in_progress,86,52,,,5
Emp_165,Training_40,Trainer_28,in_progress,95,12,,,5
Emp_166,Training_97,Trainer_27,completed,100,57,37,failed,3
Emp_167,Training_25,Trainer_63,completed,100,37,15,failed,3
Emp_168,Training_9,Trainer_62,pending,0,,,,2
Emp_169,Training_4,Trainer_23,completed,100,59,41,failed,1
Emp_170,Training_67,Trainer_58,completed,100,43,55,passed,1
Emp_171,Training_91,Trainer_16,completed,100,54,8,failed,5
Emp_172,Training_17,Trainer_91,completed,100,11,15,failed,1
Emp_173,Training_90,Trainer_40,completed,100,17,74,passed,1
Emp_174,Training_33,Trainer_99,pending,0,,,,4
Emp_175,Training_10,Trainer_48,in_progress,40,2,,,4
Emp_176,Training_55,Trainer_1,completed,100,24,50,passed,5
Emp_177,Training_91,Trainer_26,in_progress,58,35,,,5
Emp_178,Training_67,Trainer_58,in_progress,64,22,,,2
Emp_179,Training_24,Trainer_97,completed,100,56,17,failed,2
Emp_180,Training_93,Trainer_89,pending,0,,,,1
Emp_181,Training_30,Trainer_37,in_progress,18,14,,,2
Emp_182,Training_87,Trainer_41,completed,100,5,64,passed,2
Emp_183,Training_98,Trainer_5,in_progress,48,42,,,2
Emp_184,Training_63,Trainer_19,in_progress,63,29,,,4
Emp_185,Training_11,Trainer_98,pending,0,,,,2
Emp_186,Training_13,Trainer_98,pending,0,,,,2
Emp_187,Training_73,Trainer_72,pending,0,,,,2
Emp_188,Training_71,Trainer_63,pending,0,,,,3
Emp_189,Training_99,Trainer_63,completed,100,54,22,failed,4
Emp_190,Training_1,Trainer_51,pending,0,,,,3
Emp_191,Training_62,Trainer_67,in_progress,85,11,,,1
Emp_192,Training_89,Trainer_88,pending,0,,,,4
Emp_193,Training_13,Trainer_24,in_progress,19,43,,,3
Emp_194,Training_6,Trainer_99,in_progress,86,50,,,3
Emp_195,Training_1,Trainer_92,pending,0,,,,1
Emp_196,Training_48,Trainer_56,pending,0,,,,5
Emp_197,Training_7,Trainer_7,in_progress,66,55,,,3
Emp_198,Training_19,Trainer_20,pending,0,,,,4
Emp_199,Training_44,Trainer_31,pending,0,,,,5
Emp_200,Training_44,Trainer_79,in_progress,51,46,,,3
Emp_201,Training_18,Trainer_48,pending,0,,,,3
Emp_202,Training_78,Trainer_5,in_progress,14,45,,,5
Emp_203,Training_30,Trainer_56,completed,100,14,22,failed,3
Emp_204,Training_19,Trainer_19,completed,100,56,43,failed,1
Emp_205,Training_99,Trainer_19,pending,0,,,,3
Emp_206,Training_63,Trainer_11,completed,100,54,65,passed,5
Emp_207,Training_44,Trainer_60,pending,0,,,,1
Emp_208,Training_90,Trainer_61,in_progress,13,16,,,5
Emp_209,Training_6,Trainer_47,pending,0,,,,4
Emp_210,Training_20,Trainer_85,completed,100,34,14,failed,2
Emp_211,Training_80,Trainer_18,pending,0,,,,5
Emp_212,Training_92,Trainer_29,pending,0,,,,1
Emp_213,Training_22,Trainer_60,in_progress,0,22,,,4
Emp_214,Training_97,Trainer_25,in_progress,66,40,,,2
Emp_215,Training_80,Trainer_13,completed,100,43,63,passed,4
Emp_216,Training_78,Trainer_66,pending,0,,,,1
Emp_217,Training_74,Trainer_81,pending,0,,,,2
Emp_218,Training_92,Trainer_96,pending,0,,,,1
Emp_219,Training_45,Trainer_29,completed,100,28,6,failed,5
Emp_220,Training_55,Trainer_8,in_progress,38,55,,,5
Emp_221,Training_7,Trainer_79,in_progress,23,2,,,3
Emp_222,Training_1,Trainer_29,pending,0,,,,1
Emp_223,Training_97,Trainer_23,in_progress,26,43,,,1
Emp_224,Training_13,Trainer_18,completed,100,28,99,passed,5
Emp_225,Training_19,Trainer_10,in_progress,19,46,,,2
Emp_226,Training_58,Trainer_97,in_progress,40,33,,,2
Emp_227,Training_48,Trainer_72,in_progress,22,42,,,4
Emp_228,Training_34,Trainer_55,completed,100,38,12,failed,3
Emp_229,Training_10,Trainer_30,completed,100,43,81,passed,4
Emp_230,Training_75,Trainer_80,completed,100,37,64,passed,1
Emp_231,Training_48,Trainer_74,completed,100,36,16,failed,5
Emp_232,Training_10,Trainer_92,in_progress,83,7,,,1
Emp_233,Training_49,Trainer_40,completed,100,59,94,passed,3
Emp_234,Training_13,Trainer_76,completed,100,44,0,failed,2
Emp_235,Training_83,Trainer_82,in_progress,84,1,,,1
Emp_236,Training_53,Trainer_74,pending,0,,,,3
Emp_237,Training_32,Trainer_31,completed,100,16,60,passed,4
Emp_238,Training_34,Trainer_44,in_progress,85,2,,,2
Emp_239,Training_4,Trainer_56,pending,0,,,,4
Emp_240,Training_58,Trainer_79,in_progress,100,11,,,1
Emp_241,Training_44,Trainer_24,in_progress,5,24,,,3
Emp_242,Training_48,Trainer_43,in_progress,30,36,,,1
Emp_243,Training_74,Trainer_39,pending,0,,,,4
Emp_244,Training_70,Trainer_94,pending,0,,,,3
Emp_245,Training_81,Trainer_79,completed,100,50,59,passed,5
Emp_246,Training_64,Trainer_14,completed,100,29,68,passed,4
Emp_247,Training_97,Trainer_39,completed,100,43,48,failed,4
Emp_248,Training_23,Trainer_94,pending,0,,,,1
Emp_249,Training_63,Trainer_29,in_progress,95,15,,,5
Emp_250,Training_47,Trainer_13,completed,100,13,1,failed,5
Emp_251,Training_40,Trainer_91,in_progress,12,60,,,5
Emp_252,Training_25,Trainer_54,pending,0,,,,4
Emp_253,Training_95,Trainer_49,completed,100,39,73,passed,2
Emp_254,Training_63,Trainer_55,in_progress,53,47,,,3
Emp_255,Training_89,Trainer_87,in_progress,68,14,,,1
Emp_256,Training_2,Trainer_93,completed,100,6,38,failed,1
Emp_257,Training_37,Trainer_8,in_progress,67,7,,,4
Emp_258,Training_25,Trainer_24,in_progress,43,39,,,3
Emp_259,Training_39,Trainer_16,completed,100,55,72,passed,2
Emp_260,Training_93,Trainer_69,in_progress,31,21,,,1
Emp_261,Training_11,Trainer_53,completed,100,14,100,passed,3
Emp_262,Training_68,Trainer_59,in_progress,86,26,,,3
Emp_263,Training_73,Trainer_28,completed,100,59,80,passed,3
Emp_264,Training_11,Trainer_40,completed,100,7,13,failed,3
Emp_265,Training_62,Trainer_27,completed,100,23,82,passed,3
Emp_266,Training_4,Trainer_69,pending,0,,,,2
Emp_267,Training_78,Trainer_20,completed,100,58,32,failed,2
Emp_268,Training_64,Trainer_57,pending,0,,,,1
Emp_269,Training_40,Trainer_22,in_progress,8,46,,,2
Emp_270,Training_93,Trainer_10,completed,100,35,33,failed,1
Emp_271,Training_25,Trainer_59,in_progress,13,41,,,1
Emp_272,Training_7,Trainer_24,completed,100,20,76,passed,5
Emp_273,Training_72,Trainer_39,completed,100,47,58,passed,2
Emp_274,Training_19,Trainer_23,completed,100,34,8,failed,1
Emp_275,Training_83,Trainer_89,in_progress,60,58,,,2
Emp_276,Training_19,Trainer_57,in_progress,5,1,,,1
Emp_277,Training_28,Trainer_20,pending,0,,,,2
Emp_278,Training_40,Trainer_41,in_progress,6,20,,,5
Emp_279,Training_97,Trainer_63,completed,100,15,81,passed,2
Emp_280,Training_93,Trainer_69,pending,0,,,,1
Emp_281,Training_41,Trainer_16,in_progress,76,7,,,4
Emp_282,Training_86,Trainer_67,pending,0,,,,5
Emp_283,Training_84,Trainer_3,completed,100,18,78,passed,5
Emp_284,Training_57,Trainer_96,in_progress,72,31,,,3
Emp_285,Training_46,Trainer_88,pending,0,,,,2
Emp_286,Training_15,Trainer_67,in_progress,48,2,,,5
Emp_287,Training_29,Trainer_20,completed,100,1,45,failed,3
Emp_288,Training_42,Trainer_89,in_progress,62,53,,,1
Emp_289,Training_17,Trainer_55,pending,0,,,,5
Emp_290,Training_39,Trainer_54,pending,0,,,,4
Emp_291,Training_50,Trainer_100,pending,0,,,,1
Emp_292,Training_51,Trainer_13,completed,100,58,93,passed,5
Emp_293,Training_77,Trainer_15,completed,100,36,65,passed,3
Emp_294,Training_49,Trainer_18,in_progress,43,46,,,2
Emp_295,Training_2,Trainer_36,pending,0,,,,1
Emp_296,Training_54,Trainer_25,pending,0,,,,4
Emp_297,Training_19,Trainer_40,pending,0,,,,3
Emp_298,Training_46,Trainer_41,completed,100,56,13,failed,5
Emp_299,Training_55,Trainer_44,completed,100,32,14,failed,2
Emp_300,Training_35,Trainer_73,pending,0,,,,5
Emp_301,Training_89,Trainer_52,pending,0,,,,3
Emp_302,Training_91,Trainer_15,pending,0,,,,3
Emp_303,Training_46,Trainer_77,pending,0,,,,1
Emp_304,Training_25,Trainer_88,in_progress,47,35,,,2
Emp_305,Training_73,Trainer_11,in_progress,62,12,,,2
Emp_306,Training_18,Trainer_58,in_progress,47,27,,,3
Emp_307,Training_56,Trainer_62,completed,100,54,35,failed,3
Emp_308,Training_88,Trainer_83,completed,100,39,25,failed,1
Emp_309,Training_35,Trainer_93,completed,100,20,78,passed,1
Emp_310,Training_6,Trainer_65,in_progress,61,38,,,5
Emp_311,Training_39,Trainer_7,in_progress,33,10,,,3
Emp_312,Training_47,Trainer_57,pending,0,,,,4
Emp_313,Training_19,Trainer_15,pending,0,,,,4
Emp_314,Training_79,Trainer_93,in_progress,75,57,,,2
Emp_315,Training_24,Trainer_22,in_progress,80,56,,,4
Emp_316,Training_36,Trainer_10,completed,100,60,1,failed,5
Emp_317,Training_86,Trainer_35,completed,100,25,45,failed,1
Emp_318,Training_47,Trainer_7,completed,100,5,57,passed,5
Emp_319,Training_4,Trainer_100,pending,0,,,,2
Emp_320,Training_73,Trainer_92,in_progress,35,40,,,3
Emp_321,Training_65,Trainer_93,in_progress,59,56,,,3
Emp_322,Training_64,Trainer_99,pending,0,,,,1
Emp_323,Training_37,Trainer_53,in_progress,40,12,,,4
Emp_324,Training_16,Trainer_7,pending,0,,,,3
Emp_325,Training_78,Trainer_67,completed,100,54,88,passed,1
Emp_326,Training_77,Trainer_72,completed,100,9,82,passed,4
Emp_327,Training_92,Trainer_76,pending,0,,,,2
Emp_328,Training_5,Trainer_75,pending,0,,,,1
Emp_329,Training_71,Trainer_88,completed,100,60,96,passed,1
Emp_330,Training_98,Trainer_52,in_progress,47,49,,,1
Emp_331,Training_82,Trainer_94,pending,0,,,,5
Emp_332,Training_24,Trainer_100,completed,100,18,0,failed,5
Emp_333,Training_7,Trainer_22,completed,100,32,85,passed,4
Emp_334,Training_74,Trainer_4,pending,0,,,,4
Emp_335,Training_19,Trainer_72,pending,0,,,,2
Emp_336,Training_46,Trainer_39,in_progress,55,31,,,1
Emp_337,Training_39,Trainer_74,in_progress,12,0,,,5
Emp_338,Training_62,Trainer_39,pending,0,,,,4
Emp_339,Training_47,Trainer_95,in_progress,44,50,,,4
Emp_340,Training_71,Trainer_41,completed,100,50,24,failed,3
Emp_341,Training_21,Trainer_100,completed,100,40,99,passed,2
Emp_342,Training_63,Trainer_88,completed,100,55,26,failed,3
Emp_343,Training_30,Trainer_76,completed,100,9,28,failed,3
Emp_344,Training_5,Trainer_56,in_progress,75,55,,,1
Emp_345,Training_51,Trainer_3,pending,0,,,,5
Emp_346,Training_97,Trainer_42,pending,0,,,,3
Emp_347,Training_15,Trainer_23,completed,100,12,22,failed,3
Emp_348,Training_77,Trainer_72,completed,100,15,11,failed,1
Emp_349,Training_20,Trainer_50,in_progress,48,36,,,2
Emp_350,Training_26,Trainer_71,completed,100,6,83,passed,4
Emp_351,Training_93,Trainer_36,pending,0,,,,5
Emp_352,Training_10,Trainer_73,in_progress,51,44,,,5
Emp_353,Training_61,Trainer_39,completed,100,55,64,passed,5
Emp_354,Training_77,Trainer_32,completed,100,44,35,failed,5
Emp_355,Training_84,Trainer_1,pending,0,,,,2
Emp_356,Training_25,Trainer_72,pending,0,,,,5
Emp_357,Training_47,Trainer_69,completed,100,40,81,passed,3
Emp_358,Training_27,Trainer_51,in_progress,8,26,,,5
Emp_359,Training_49,Trainer_64,completed,100,10,73,passed,2
Emp_360,Training_89,Trainer_100,pending,0,,,,3
Emp_361,Training_43,Trainer_39,completed,100,11,47,failed,2
Emp_362,Training_16,Trainer_84,pending,0,,,,4
Emp_363,Training_93,Trainer_74,pending,0,,,,4
Emp_364,Training_75,Trainer_4,in_progress,6,31,,,5
Emp_365,Training_26,Trainer_74,pending,0,,,,4
Emp_366,Training_97,Trainer_74,completed,100,9,81,passed,5
Emp_367,Training_1,Trainer_50,in_progress,48,10,,,2
Emp_368,Training_81,Trainer_45,completed,100,5,7,failed,1
Emp_369,Training_74,Trainer_77,pending,0,,,,3
Emp_370,Training_1,Trainer_79,pending,0,,,,2
Emp_371,Training_99,Trainer_21,in_progress,3,26,,,1
Emp_372,Training_81,Trainer_38,in_progress,88,36,,,5
Emp_373,Training_54,Trainer_49,in_progress,37,12,,,5
Emp_374,Training_84,Trainer_85,completed,100,27,43,failed,2
Emp_375,Training_4,Trainer_58,pending,0,,,,1
Emp_376,Training_10,Trainer_24,pending,0,,,,2
Emp_377,Training_48,Trainer_4,in_progress,9,53,,,3
Emp_378,Training_53,Trainer_62,pending,0,,,,2
Emp_379,Training_91,Trainer_71,pending,0,,,,2
Emp_380,Training_48,Trainer_27,in_progress,31,29,,,1
Emp_381,Training_40,Trainer_25,pending,0,,,,1
Emp_382,Training_70,Trainer_76,pending,0,,,,1
Emp_383,Training_99,Trainer_72,pending,0,,,,2
Emp_384,Training_53,Trainer_98,pending,0,,,,2
Emp_385,Training_68,Trainer_25,completed,100,59,54,passed,1
Emp_386,Training_41,Trainer_16,in_progress,12,54,,,5
Emp_387,Training_63,Trainer_58,completed,100,31,68,passed,1
Emp_388,Training_31,Trainer_66,in_progress,52,18,,,5
Emp_389,Training_76,Trainer_28,pending,0,,,,3
Emp_390,Training_100,Trainer_7,pending,0,,,,4
Emp_391,Training_2,Trainer_68,pending,0,,,,3
Emp_392,Training_88,Trainer_37,pending,0,,,,1
Emp_393,Training_55,Trainer_20,pending,0,,,,4
Emp_394,Training_85,Trainer_62,in_progress,78,42,,,5
Emp_395,Training_31,Trainer_59,pending,0,,,,5
Emp_396,Training_44,Trainer_53,in_progress,66,2,,,1
Emp_397,Training_93,Trainer_57,completed,100,6,12,failed,5
Emp_398,Training_93,Trainer_88,completed,100,29,41,failed,2
Emp_399,Training_2,Trainer_92,pending,0,,,,4
Emp_400,Training_99,Trainer_67,pending,0,,,,5
Emp_401,Training_48,Trainer_20,completed,100,28,3,failed,5
Emp_402,Training_74,Trainer_67,completed,100,56,53,passed,3
Emp_403,Training_46,Trainer_23,in_progress,54,36,,,5
Emp_404,Training_7,Trainer_16,in_progress,90,12,,,5
Emp_405,Training_60,Trainer_21,completed,100,49,30,failed,4
Emp_406,Training_67,Trainer_65,completed,100,32,73,passed,3
Emp_407,Training_29,Trainer_76,completed,100,44,97,passed,2
Emp_408,Training_12,Trainer_85,pending,0,,,,5
Emp_409,Training_69,Trainer_99,in_progress,95,2,,,1
Emp_410,Training_95,Trainer_46,completed,100,60,4,failed,2
Emp_411,Training_68,Trainer_56,completed,100,52,9,failed,1
Emp_412,Training_31,Trainer_62,in_progress,44,48,,,5
Emp_413,Training_86,Trainer_40,pending,0,,,,1
Emp_414,Training_3,Trainer_91,pending,0,,,,1
Emp_415,Training_26,Trainer_54,completed,100,37,78,passed,2
Emp_416,Training_8,Trainer_50,in_progress,27,37,,,3
Emp_417,Training_63,Trainer_60,pending,0,,,,2
Emp_418,Training_43,Trainer_38,completed,100,27,5,failed,2
Emp_419,Training_29,Trainer_21,in_progress,22,13,,,4
Emp_420,Training_58,Trainer_74,pending,0,,,,5
Emp_421,Training_34,Trainer_83,pending,0,,,,2
Emp_422,Training_7,Trainer_33,completed,100,32,5,failed,3
Emp_423,Training_31,Trainer_13,pending,0,,,,1
Emp_424,Training_98,Trainer_95,pending,0,,,,5
Emp_425,Training_90,Trainer_79,completed,100,7,39,failed,1
Emp_426,Training_44,Trainer_23,pending,0,,,,1
Emp_427,Training_38,Trainer_44,in_progress,64,6,,,4
Emp_428,Training_85,Trainer_100,completed,100,54,100,passed,2
Emp_429,Training_31,Trainer_92,in_progress,25,12,,,5
Emp_430,Training_11,Trainer_88,in_progress,36,37,,,4
Emp_431,Training_36,Trainer_50,completed,100,3,18,failed,3
Emp_432,Training_43,Trainer_67,completed,100,19,28,failed,5
Emp_433,Training_92,Trainer_25,in_progress,59,12,,,4
Emp_434,Training_18,Trainer_29,in_progress,59,58,,,5
Emp_435,Training_21,Trainer_11,in_progress,36,12,,,4
Emp_436,Training_73,Trainer_96,in_progress,43,3,,,4
Emp_437,Training_37,Trainer_56,completed,100,9,90,passed,4
Emp_438,Training_75,Trainer_6,in_progress,46,50,,,4
Emp_439,Training_91,Trainer_42,pending,0,,,,3
Emp_440,Training_54,Trainer_41,in_progress,29,32,,,1
Emp_441,Training_36,Trainer_38,in_progress,94,41,,,2
Emp_442,Training_34,Trainer_61,completed,100,58,26,failed,4
Emp_443,Training_35,Trainer_86,pending,0,,,,5
Emp_444,Training_56,Trainer_62,pending,0,,,,2
Emp_445,Training_96,Trainer_37,pending,0,,,,4
Emp_446,Training_96,Trainer_61,completed,100,28,28,failed,3
Emp_447,Training_5,Trainer_17,in_progress,27,5,,,5
Emp_448,Training_63,Trainer_99,completed,100,41,85,passed,4
Emp_449,Training_91,Trainer_62,pending,0,,,,1
Emp_450,Training_6,Trainer_93,completed,100,40,11,failed,3
Emp_451,Training_32,Trainer_56,pending,0,,,,2
Emp_452,Training_14,Trainer_62,completed,100,12,15,failed,4
Emp_453,Training_46,Trainer_84,pending,0,,,,4
Emp_454,Training_12,Trainer_71,in_progress,28,4,,,4
Emp_455,Training_22,Trainer_18,in_progress,49,8,,,3
Emp_456,Training_51,Trainer_5,pending,0,,,,1
Emp_457,Training_13,Trainer_12,pending,0,,,,1
Emp_458,Training_2,Trainer_58,completed,100,53,71,passed,3
Emp_459,Training_5,Trainer_18,pending,0,,,,5
Emp_460,Training_8,Trainer_34,pending,0,,,,2
Emp_461,Training_52,Trainer_32,pending,0,,,,4
Emp_462,Training_33,Trainer_66,completed,100,8,64,passed,3
Emp_463,Training_20,Trainer_47,in_progress,27,60,,,2
Emp_464,Training_34,Trainer_74,completed,100,6,13,failed,2
Emp_465,Training_36,Trainer_75,completed,100,58,5,failed,5
Emp_466,Training_59,Trainer_76,pending,0,,,,2
Emp_467,Training_31,Trainer_39,pending,0,,,,5
Emp_468,Training_59,Trainer_15,in_progress,7,44,,,1
Emp_469,Training_15,Trainer_28,in_progress,90,33,,,3
Emp_470,Training_36,Trainer_59,pending,0,,,,1
Emp_471,Training_81,Trainer_86,completed,100,25,61,passed,4
Emp_472,Training_50,Trainer_11,in_progress,43,24,,,3
Emp_473,Training_65,Trainer_29,in_progress,9,54,,,4
Emp_474,Training_13,Trainer_41,in_progress,71,22,,,4
Emp_475,Training_55,Trainer_40,pending,0,,,,3
Emp_476,Training_43,Trainer_48,pending,0,,,,5
Emp_477,Training_34,Trainer_18,in_progress,3,5,,,3
Emp_478,Training_49,Trainer_19,pending,0,,,,1
Emp_479,Training_87,Trainer_52,pending,0,,,,3
Emp_480,Training_90,Trainer_13,pending,0,,,,3
Emp_481,Training_27,Trainer_3,in_progress,30,21,,,4
Emp_482,Training_79,Trainer_80,in_progress,60,13,,,1
Emp_483,Training_47,Trainer_69,completed,100,54,55,passed,5
Emp_484,Training_59,Trainer_5,in_progress,72,48,,,5
Emp_485,Training_39,Trainer_35,in_progress,36,49,,,2
Emp_486,Training_34,Trainer_71,in_progress,49,16,,,4
Emp_487,Training_44,Trainer_29,in_progress,27,57,,,2
Emp_488,Training_32,Trainer_92,in_progress,34,38,,,2
Emp_489,Training_40,Trainer_62,completed,100,26,37,failed,2
Emp_490,Training_48,Trainer_47,completed,100,40,99,passed,2
Emp_491,Training_98,Trainer_10,completed,100,4,100,passed,4
Emp_492,Training_22,Trainer_56,pending,0,,,,4
Emp_493,Training_79,Trainer_80,in_progress,49,1,,,4
Emp_494,Training_1,Trainer_64,pending,0,,,,2
Emp_495,Training_1,Trainer_80,in_progress,77,9,,,5
Emp_496,Training_1,Trainer_52,in_progress,53,30,,,3
Emp_497,Training_69,Trainer_34,completed,100,8,54,passed,4
Emp_498,Training_22,Trainer_71,in_progress,80,1,,,2
Emp_499,Training_58,Trainer_65,completed,100,7,39,failed,5
Emp_500,Training_10,Trainer_10,in_progress,14,16,,,3
Emp_501,Training_10,Trainer_69,in_progress,16,31,,,3
Emp_502,Training_38,Trainer_10,in_progress,1,38,,,5
Emp_503,Training_49,Trainer_2,completed,100,30,12,failed,4
Emp_504,Training_99,Trainer_44,pending,0,,,,2
Emp_505,Training_16,Trainer_68,completed,100,15,30,failed,2
Emp_506,Training_70,Trainer_2,pending,0,,,,2
Emp_507,Training_30,Trainer_80,in_progress,74,42,,,5
Emp_508,Training_68,Trainer_62,completed,100,18,59,passed,1
Emp_509,Training_54,Trainer_96,in_progress,31,39,,,2
Emp_510,Training_66,Trainer_70,completed,100,19,59,passed,4
Emp_511,Training_40,Trainer_31,completed,100,33,30,failed,2
Emp_512,Training_22,Trainer_74,pending,0,,,,5
Emp_513,Training_94,Trainer_82,pending,0,,,,5
Emp_514,Training_31,Trainer_15,completed,100,33,65,passed,4
Emp_515,Training_75,Trainer_31,in_progress,81,41,,,1
Emp_516,Training_29,Trainer_94,in_progress,13,10,,,5
Emp_517,Training_100,Trainer_31,completed,100,14,79,passed,4
Emp_518,Training_69,Trainer_74,in_progress,77,12,,,4
Emp_519,Training_8,Trainer_49,in_progress,90,28,,,1
Emp_520,Training_100,Trainer_77,completed,100,41,52,passed,5
Emp_521,Training_66,Trainer_19,pending,0,,,,4
Emp_522,Training_1,Trainer_66,completed,100,12,38,failed,4
Emp_523,Training_7,Trainer_89,in_progress,1,14,,,5
Emp_524,Training_20,Trainer_28,completed,100,16,6,failed,2
Emp_525,Training_98,Trainer_36,pending,0,,,,1
Emp_526,Training_16,Trainer_95,pending,0,,,,3
Emp_527,Training_1,Trainer_38,in_progress,12,45,,,3
Emp_528,Training_50,Trainer_29,pending,0,,,,5
Emp_529,Training_94,Trainer_34,pending,0,,,,3
Emp_530,Training_55,Trainer_91,in_progress,99,29,,,1
Emp_531,Training_34,Trainer_15,in_progress,25,27,,,5
Emp_532,Training_9,Trainer_9,pending,0,,,,1
Emp_533,Training_21,Trainer_11,pending,0,,,,5
Emp_534,Training_20,Trainer_7,in_progress,8,45,,,2
Emp_535,Training_87,Trainer_31,completed,100,14,9,failed,2
Emp_536,Training_11,Trainer_88,in_progress,39,10,,,3
Emp_537,Training_4,Trainer_38,completed,100,51,46,failed,2
Emp_538,Training_25,Trainer_80,pending,0,,,,4
Emp_539,Training_27,Trainer_66,in_progress,65,14,,,4
Emp_540,Training_73,Trainer_18,in_progress,51,11,,,1
Emp_541,Training_14,Trainer_73,in_progress,36,45,,,5
Emp_542,Training_93,Trainer_12,completed,100,9,53,passed,3
Emp_543,Training_52,Trainer_41,in_progress,27,4,,,4
Emp_544,Training_4,Trainer_35,in_progress,26,60,,,2
Emp_545,Training_80,Trainer_2,pending,0,,,,2
Emp_546,Training_55,Trainer_35,completed,100,42,34,failed,5
Emp_547,Training_38,Trainer_12,pending,0,,,,1
Emp_548,Training_70,Trainer_29,pending,0,,,,4
Emp_549,Training_48,Trainer_83,in_progress,71,35,,,2
Emp_550,Training_52,Trainer_54,completed,100,13,42,failed,1
Emp_551,Training_2,Trainer_41,pending,0,,,,5
Emp_552,Training_4,Trainer_87,completed,100,26,60,passed,5
Emp_553,Training_25,Trainer_19,pending,0,,,,3
Emp_554,Training_26,Trainer_17,pending,0,,,,3
Emp_555,Training_77,Trainer_34,pending,0,,,,3
Emp_556,Training_52,Trainer_84,in_progress,1,16,,,1
Emp_557,Training_70,Trainer_97,pending,0,,,,5
Emp_558,Training_85,Trainer_27,in_progress,5,13,,,4
Emp_559,Training_67,Trainer_21,in_progress,20,52,,,3
Emp_560,Training_21,Trainer_26,pending,0,,,,5
Emp_561,Training_39,Trainer_63,completed,100,1,29,failed,2
Emp_562,Training_10,Trainer_12,pending,0,,,,2
Emp_563,Training_61,Trainer_68,completed,100,17,80,passed,1
Emp_564,Training_8,Trainer_43,in_progress,85,50,,,2
Emp_565,Training_17,Trainer_8,completed,100,45,68,passed,1
Emp_566,Training_99,Trainer_47,pending,0,,,,2
Emp_567,Training_16,Trainer_58,completed,100,11,76,passed,1
Emp_568,Training_22,Trainer_70,in_progress,95,11,,,4
Emp_569,Training_69,Trainer_75,completed,100,3,57,passed,2
Emp_570,Training_56,Trainer_67,pending,0,,,,1
Emp_571,Training_50,Trainer_51,completed,100,50,51,passed,2
Emp_572,Training_46,Trainer_29,completed,100,55,19,failed,1
Emp_573,Training_20,Trainer_66,completed,100,7,29,failed,5
Emp_574,Training_96,Trainer_72,in_progress,44,27,,,3
Emp_575,Training_6,Trainer_58,in_progress,34,22,,,1
Emp_576,Training_81,Trainer_11,completed,100,17,87,passed,4
Emp_577,Training_13,Trainer_56,pending,0,,,,3
Emp_578,Training_35,Trainer_78,completed,100,18,81,passed,1
Emp_579,Training_19,Trainer_15,completed,100,8,63,passed,3
Emp_580,Training_13,Trainer_76,pending,0,,,,1
Emp_581,Training_36,Trainer_80,in_progress,6,48,,,2
Emp_582,Training_90,Trainer_66,in_progress,34,16,,,2
Emp_583,Training_69,Trainer_85,completed,100,23,64,passed,1
Emp_584,Training_14,Trainer_52,completed,100,39,86,passed,4
Emp_585,Training_25,Trainer_10,pending,0,,,,4
Emp_586,Training_62,Trainer_83,pending,0,,,,3
Emp_587,Training_20,Trainer_39,completed,100,51,5,failed,3
Emp_588,Training_83,Trainer_96,pending,0,,,,5
Emp_589,Training_35,Trainer_6,pending,0,,,,4
Emp_590,Training_32,Trainer_7,completed,100,56,68,passed,5
Emp_591,Training_22,Trainer_76,pending,0,,,,3
Emp_592,Training_93,Trainer_15,pending,0,,,,3
Emp_593,Training_38,Trainer_27,completed,100,53,3,failed,2
Emp_594,Training_58,Trainer_27,completed,100,60,50,passed,2
Emp_595,Training_3,Trainer_55,completed,100,52,13,failed,2
Emp_596,Training_90,Trainer_28,completed,100,44,30,failed,4
Emp_597,Training_43,Trainer_98,completed,100,30,71,passed,4
Emp_598,Training_5,Trainer_36,in_progress,15,48,,,2
Emp_599,Training_22,Trainer_21,in_progress,44,51,,,4
Emp_600,Training_54,Trainer_67,completed,100,33,48,failed,4
Emp_601,Training_77,Trainer_57,pending,0,,,,5
Emp_602,Training_86,Trainer_99,in_progress,39,51,,,3
Emp_603,Training_95,Trainer_54,completed,100,46,32,failed,1
Emp_604,Training_30,Trainer_100,in_progress,87,41,,,3
Emp_605,Training_99,Trainer_98,pending,0,,,,3
Emp_606,Training_73,Trainer_47,in_progress,54,54,,,1
Emp_607,Training_75,Trainer_33,pending,0,,,,2
Emp_608,Training_77,Trainer_100,pending,0,,,,3
Emp_609,Training_65,Trainer_2,completed,100,45,9,failed,1
Emp_610,Training_77,Trainer_86,completed,100,50,53,passed,3
Emp_611,Training_45,Trainer_86,completed,100,38,25,failed,4
Emp_612,Training_71,Trainer_44,completed,100,32,67,passed,1
Emp_613,Training_15,Trainer_92,pending,0,,,,5
Emp_614,Training_77,Trainer_4,pending,0,,,,2
Emp_615,Training_73,Trainer_69,completed,100,7,61,passed,2
Emp_616,Training_18,Trainer_91,pending,0,,,,3
Emp_617,Training_8,Trainer_13,completed,100,51,20,failed,4
Emp_618,Training_8,Trainer_6,completed,100,47,91,passed,5
Emp_619,Training_38,Trainer_36,completed,100,53,75,passed,2
Emp_620,Training_32,Trainer_4,completed,100,36,15,failed,1
Emp_621,Training_31,Trainer_55,in_progress,76,30,,,5
Emp_622,Training_80,Trainer_32,in_progress,41,7,,,1
Emp_623,Training_47,Trainer_46,in_progress,10,31,,,4
Emp_624,Training_89,Trainer_7,completed,100,52,70,passed,4
Emp_625,Training_64,Trainer_45,completed,100,27,88,passed,1
Emp_626,Training_35,Trainer_89,completed,100,19,66,passed,3
Emp_627,Training_81,Trainer_1,in_progress,85,31,,,4
Emp_628,Training_53,Trainer_36,pending,0,,,,3
Emp_629,Training_30,Trainer_27,pending,0,,,,1
Emp_630,Training_41,Trainer_62,completed,100,19,9,failed,2
Emp_631,Training_48,Trainer_14,in_progress,55,33,,,4
Emp_632,Training_50,Trainer_39,completed,100,13,77,passed,1
Emp_633,Training_88,Trainer_26,pending,0,,,,2
Emp_634,Training_66,Trainer_14,pending,0,,,,3
Emp_635,Training_60,Trainer_92,pending,0,,,,3
Emp_636,Training_90,Trainer_69,in_progress,86,9,,,5
Emp_637,Training_70,Trainer_17,pending,0,,,,3
Emp_638,Training_13,Trainer_16,pending,0,,,,1
Emp_639,Training_62,Trainer_94,completed,100,2,63,passed,5
Emp_640,Training_85,Trainer_45,pending,0,,,,1
Emp_641,Training_70,Trainer_95,completed,100,3,56,passed,3
Emp_642,Training_21,Trainer_59,completed,100,46,86,passed,4
Emp_643,Training_83,Trainer_27,in_progress,9,7,,,3
Emp_644,Training_89,Trainer_70,pending,0,,,,5
Emp_645,Training_78,Trainer_59,completed,100,12,73,passed,2
Emp_646,Training_63,Trainer_89,completed,100,1,2,failed,4
Emp_647,Training_3,Trainer_35,completed,100,40,31,failed,3
Emp_648,Training_28,Trainer_54,completed,100,1,86,passed,1
Emp_649,Training_10,Trainer_34,in_progress,82,37,,,3
Emp_650,Training_73,Trainer_67,completed,100,54,2,failed,2
Emp_651,Training_43,Trainer_3,pending,0,,,,5
Emp_652,Training_20,Trainer_17,in_progress,84,47,,,3
Emp_653,Training_55,Trainer_41,completed,100,4,85,passed,3
Emp_654,Training_45,Trainer_45,in_progress,72,28,,,1
Emp_655,Training_52,Trainer_16,in_progress,99,36,,,5
Emp_656,Training_49,Trainer_26,completed,100,8,28,failed,2
Emp_657,Training_44,Trainer_39,in_progress,8,12,,,3
Emp_658,Training_61,Trainer_66,completed,100,28,26,failed,1
Emp_659,Training_40,Trainer_66,pending,0,,,,5
Emp_660,Training_13,Trainer_50,pending,0,,,,1
Emp_661,Training_14,Trainer_35,completed,100,28,93,passed,2
Emp_662,Training_72,Trainer_68,in_progress,75,56,,,3
Emp_663,Training_50,Trainer_40,completed,100,6,73,passed,4
Emp_664,Training_6,Trainer_90,pending,0,,,,2
Emp_665,Training_21,Trainer_93,in_progress,62,58,,,3
Emp_666,Training_58,Trainer_63,completed,100,58,63,passed,1
Emp_667,Training_43,Trainer_65,pending,0,,,,1
Emp_668,Training_63,Trainer_93,completed,100,17,99,passed,2
Emp_669,Training_66,Trainer_91,completed,100,52,93,passed,1
Emp_670,Training_68,Trainer_35,in_progress,22,39,,,3
Emp_671,Training_55,Trainer_82,completed,100,54,27,failed,1
Emp_672,Training_32,Trainer_64,pending,0,,,,4
Emp_673,Training_54,Trainer_16,pending,0,,,,2
Emp_674,Training_49,Trainer_64,in_progress,74,34,,,5
Emp_675,Training_84,Trainer_39,completed,100,13,29,failed,1
Emp_676,Training_61,Trainer_2,completed,100,28,45,failed,3
Emp_677,Training_42,Trainer_12,pending,0,,,,5
Emp_678,Training_47,Trainer_92,in_progress,22,42,,,5
Emp_679,Training_54,Trainer_28,in_progress,2,59,,,5
Emp_680,Training_12,Trainer_9,in_progress,90,34,,,5
Emp_681,Training_99,Trainer_21,in_progress,3,0,,,2
Emp_682,Training_26,Trainer_7,pending,0,,,,2
Emp_683,Training_81,Trainer_91,pending,0,,,,2
Emp_684,Training_89,Trainer_6,completed,100,27,96,passed,3
Emp_685,Training_95,Trainer_73,pending,0,,,,4
Emp_686,Training_36,Trainer_63,pending,0,,,,2
Emp_687,Training_44,Trainer_90,pending,0,,,,2
Emp_688,Training_85,Trainer_76,completed,100,56,38,failed,3
Emp_689,Training_39,Trainer_42,completed,100,12,81,passed,1
Emp_690,Training_14,Trainer_1,pending,0,,,,2
Emp_691,Training_86,Trainer_72,pending,0,,,,3
Emp_692,Training_49,Trainer_28,completed,100,52,97,passed,5
Emp_693,Training_41,Trainer_19,completed,100,1,97,passed,5
Emp_694,Training_19,Trainer_78,completed,100,9,90,passed,2
Emp_695,Training_48,Trainer_8,completed,100,36,88,passed,5
Emp_696,Training_84,Trainer_46,pending,0,,,,5
Emp_697,Training_79,Trainer_62,in_progress,67,1,,,3
Emp_698,Training_38,Trainer_41,completed,100,53,67,passed,4
Emp_699,Training_29,Trainer_95,pending,0,,,,5
Emp_700,Training_61,Trainer_50,in_progress,42,49,,,3
Emp_701,Training_90,Trainer_74,pending,0,,,,1
Emp_702,Training_2,Trainer_37,completed,100,6,7,failed,4
Emp_703,Training_20,Trainer_60,completed,100,34,78,passed,1
Emp_704,Training_75,Trainer_38,pending,0,,,,2
Emp_705,Training_67,Trainer_35,completed,100,2,42,failed,4
Emp_706,Training_72,Trainer_61,completed,100,29,81,passed,2
Emp_707,Training_9,Trainer_42,in_progress,34,36,,,4
Emp_708,Training_45,Trainer_4,in_progress,9,39,,,4
Emp_709,Training_70,Trainer_24,pending,0,,,,4
Emp_710,Training_9,Trainer_13,in_progress,60,20,,,3
Emp_711,Training_38,Trainer_79,completed,100,28,32,failed,1
Emp_712,Training_65,Trainer_62,completed,100,34,62,passed,2
Emp_713,Training_26,Trainer_24,in_progress,54,10,,,3
Emp_714,Training_37,Trainer_92,pending,0,,,,2
Emp_715,Training_67,Trainer_10,completed,100,30,2,failed,5
Emp_716,Training_30,Trainer_73,pending,0,,,,4
Emp_717,Training_53,Trainer_28,completed,100,9,90,passed,1
Emp_718,Training_17,Trainer_82,pending,0,,,,3
Emp_719,Training_63,Trainer_21,pending,0,,,,2
Emp_720,Training_89,Trainer_9,pending,0,,,,1
Emp_721,Training_83,Trainer_16,in_progress,25,48,,,3
Emp_722,Training_65,Trainer_26,in_progress,99,15,,,4
Emp_723,Training_67,Trainer_44,pending,0,,,,5
Emp_724,Training_12,Trainer_26,in_progress,83,38,,,3
Emp_725,Training_1,Trainer_40,pending,0,,,,4
Emp_726,Training_19,Trainer_58,pending,0,,,,1
Emp_727,Training_56,Trainer_18,completed,100,34,15,failed,4
Emp_728,Training_24,Trainer_35,completed,100,55,63,passed,1
Emp_729,Training_27,Trainer_61,completed,100,13,57,passed,3
Emp_730,Training_29,Trainer_75,pending,0,,,,3
Emp_731,Training_56,Trainer_10,pending,0,,,,1
Emp_732,Training_67,Trainer_57,pending,0,,,,4
Emp_733,Training_36,Trainer_14,in_progress,53,9,,,1
Emp_734,Training_47,Trainer_53,pending,0,,,,3
Emp_735,Training_18,Trainer_88,in_progress,25,10,,,5
Emp_736,Training_12,Trainer_31,completed,100,49,78,passed,5
Emp_737,Training_58,Trainer_67,in_progress,27,4,,,3
Emp_738,Training_59,Trainer_63,completed,100,51,63,passed,5
Emp_739,Training_56,Trainer_97,in_progress,22,20,,,5
Emp_740,Training_37,Trainer_40,in_progress,98,17,,,5
Emp_741,Training_82,Trainer_93,pending,0,,,,1
Emp_742,Training_43,Trainer_44,pending,0,,,,2
Emp_743,Training_69,Trainer_68,completed,100,56,86,passed,3
Emp_744,Training_17,Trainer_42,pending,0,,,,4
Emp_745,Training_11,Trainer_44,completed,100,56,63,passed,5
Emp_746,Training_62,Trainer_12,pending,0,,,,2
Emp_747,Training_53,Trainer_57,pending,0,,,,3
Emp_748,Training_43,Trainer_54,in_progress,87,15,,,3
Emp_749,Training_17,Trainer_39,in_progress,98,33,,,1
Emp_750,Training_59,Trainer_90,pending,0,,,,4
Emp_751,Training_33,Trainer_26,completed,100,8,88,passed,3
Emp_752,Training_4,Trainer_29,in_progress,77,9,,,5
Emp_753,Training_54,Trainer_67,pending,0,,,,5
Emp_754,Training_45,Trainer_91,in_progress,40,29,,,4
Emp_755,Training_42,Trainer_15,in_progress,6,22,,,3
Emp_756,Training_71,Trainer_23,completed,100,22,64,passed,2
Emp_757,Training_35,Trainer_42,in_progress,78,8,,,5
Emp_758,Training_1,Trainer_45,pending,0,,,,1
Emp_759,Training_51,Trainer_44,pending,0,,,,3
Emp_760,Training_43,Trainer_10,in_progress,13,58,,,4
Emp_761,Training_55,Trainer_18,in_progress,73,39,,,4
Emp_762,Training_8,Trainer_27,in_progress,25,42,,,3
Emp_763,Training_45,Trainer_22,in_progress,77,41,,,4
Emp_764,Training_37,Trainer_35,in_progress,29,34,,,3
Emp_765,Training_55,Trainer_64,pending,0,,,,4
Emp_766,Training_92,Trainer_30,completed,100,8,88,passed,5
Emp_767,Training_9,Trainer_39,completed,100,43,22,failed,5
Emp_768,Training_75,Trainer_83,in_progress,6,32,,,3
Emp_769,Training_16,Trainer_16,pending,0,,,,2
Emp_770,Training_59,Trainer_96,completed,100,57,57,passed,4
Emp_771,Training_40,Trainer_41,completed,100,31,70,passed,3
Emp_772,Training_69,Trainer_100,pending,0,,,,4
Emp_773,Training_49,Trainer_14,completed,100,18,89,passed,4
Emp_774,Training_97,Trainer_14,completed,100,33,46,failed,2
Emp_775,Training_47,Trainer_79,pending,0,,,,3
Emp_776,Training_19,Trainer_35,pending,0,,,,2
Emp_777,Training_88,Trainer_34,pending,0,,,,3
Emp_778,Training_44,Trainer_62,completed,100,52,79,passed,4
Emp_779,Training_43,Trainer_58,pending,0,,,,5
Emp_780,Training_58,Trainer_27,pending,0,,,,5
Emp_781,Training_81,Trainer_90,completed,100,31,93,passed,3
Emp_782,Training_41,Trainer_90,completed,100,27,20,failed,5
Emp_783,Training_3,Trainer_59,in_progress,14,9,,,5
Emp_784,Training_71,Trainer_88,completed,100,58,51,passed,2
Emp_785,Training_3,Trainer_73,completed,100,10,39,failed,4
Emp_786,Training_70,Trainer_92,pending,0,,,,5
Emp_787,Training_37,Trainer_12,pending,0,,,,5
Emp_788,Training_96,Trainer_88,completed,100,35,79,passed,1
Emp_789,Training_90,Trainer_84,in_progress,31,16,,,4
Emp_790,Training_41,Trainer_17,pending,0,,,,4
Emp_791,Training_52,Trainer_82,completed,100,11,83,passed,5
Emp_792,Training_89,Trainer_35,pending,0,,,,5
Emp_793,Training_87,Trainer_61,in_progress,8,50,,,4
Emp_794,Training_32,Trainer_98,pending,0,,,,1
Emp_795,Training_100,Trainer_1,in_progress,35,14,,,2
Emp_796,Training_73,Trainer_54,in_progress,4,4,,,3
Emp_797,Training_1,Trainer_61,completed,100,48,56,passed,4
Emp_798,Training_23,Trainer_88,pending,0,,,,2
Emp_799,Training_65,Trainer_67,pending,0,,,,2
Emp_800,Training_44,Trainer_45,pending,0,,,,3
Emp_801,Training_60,Trainer_62,in_progress,89,43,,,4
Emp_802,Training_43,Trainer_29,pending,0,,,,2
Emp_803,Training_75,Trainer_17,completed,100,43,62,passed,4
Emp_804,Training_64,Trainer_49,in_progress,7,31,,,2
Emp_805,Training_69,Trainer_51,in_progress,7,19,,,2
Emp_806,Training_59,Trainer_50,completed,100,49,9,failed,3
Emp_807,Training_80,Trainer_21,in_progress,3,37,,,2
Emp_808,Training_20,Trainer_47,completed,100,39,1,failed,4
Emp_809,Training_5,Trainer_74,in_progress,17,8,,,5
Emp_810,Training_53,Trainer_72,completed,100,49,98,passed,5
Emp_811,Training_66,Trainer_50,in_progress,16,33,,,3
Emp_812,Training_23,Trainer_37,completed,100,19,98,passed,3
Emp_813,Training_53,Trainer_1,pending,0,,,,5
Emp_814,Training_24,Trainer_23,completed,100,35,18,failed,1
Emp_815,Training_72,Trainer_85,pending,0,,,,2
Emp_816,Training_24,Trainer_30,in_progress,29,32,,,2
Emp_817,Training_99,Trainer_86,in_progress,84,47,,,2
Emp_818,Training_78,Trainer_68,in_progress,91,12,,,2
Emp_819,Training_49,Trainer_83,completed,100,21,67,passed,5
Emp_820,Training_18,Trainer_62,completed,100,1,23,failed,4
Emp_821,Training_83,Trainer_19,in_progress,67,46,,,5
Emp_822,Training_44,Trainer_37,pending,0,,,,1
Emp_823,Training_30,Trainer_52,pending,0,,,,2
Emp_824,Training_12,Trainer_24,completed,100,39,71,passed,3
Emp_825,Training_79,Trainer_37,completed,100,58,89,passed,4
Emp_826,Training_96,Trainer_53,in_progress,88,15,,,4
Emp_827,Training_76,Trainer_9,pending,0,,,,2
Emp_828,Training_20,Trainer_66,completed,100,34,82,passed,1
Emp_829,Training_53,Trainer_35,completed,100,49,21,failed,4
Emp_830,Training_100,Trainer_48,completed,100,7,84,passed,4
Emp_831,Training_16,Trainer_72,completed,100,24,46,failed,1
Emp_832,Training_85,Trainer_19,in_progress,63,7,,,4
Emp_833,Training_56,Trainer_71,completed,100,33,43,failed,4
Emp_834,Training_96,Trainer_87,pending,0,,,,3
Emp_835,Training_67,Trainer_33,in_progress,88,3,,,3
Emp_836,Training_84,Trainer_46,in_progress,19,5,,,4
Emp_837,Training_85,Trainer_4,in_progress,26,10,,,1
Emp_838,Training_86,Trainer_40,in_progress,28,10,,,1
Emp_839,Training_26,Trainer_13,pending,0,,,,1
Emp_840,Training_31,Trainer_27,in_progress,62,21,,,2
Emp_841,Training_97,Trainer_78,completed,100,23,0,failed,2
Emp_842,Training_72,Trainer_17,pending,0,,,,4
Emp_843,Training_78,Trainer_29,pending,0,,,,3
Emp_844,Training_90,Trainer_33,completed,100,51,16,failed,4
Emp_845,Training_13,Trainer_26,completed,100,52,60,passed,1
Emp_846,Training_43,Trainer_74,in_progress,7,9,,,3
Emp_847,Training_75,Trainer_77,pending,0,,,,5
Emp_848,Training_59,Trainer_63,completed,100,13,55,passed,1
Emp_849,Training_26,Trainer_80,pending,0,,,,3
Emp_850,Training_93,Trainer_76,in_progress,8,6,,,3
Emp_851,Training_10,Trainer_59,pending,0,,,,5
Emp_852,Training_85,Trainer_81,in_progress,77,10,,,3
Emp_853,Training_51,Trainer_65,in_progress,71,18,,,2
Emp_854,Training_47,Trainer_18,completed,100,55,80,passed,2
Emp_855,Training_17,Trainer_26,completed,100,59,13,failed,1
Emp_856,Training_46,Trainer_82,completed,100,45,39,failed,5
Emp_857,Training_49,Trainer_1,completed,100,3,20,failed,3
Emp_858,Training_88,Trainer_51,completed,100,55,49,failed,5
Emp_859,Training_67,Trainer_12,pending,0,,,,2
Emp_860,Training_3,Trainer_6,in_progress,34,19,,,4
Emp_861,Training_79,Trainer_83,pending,0,,,,5
Emp_862,Training_88,Trainer_87,pending,0,,,,3
Emp_863,Training_27,Trainer_15,completed,100,52,81,passed,2
Emp_864,Training_74,Trainer_30,pending,0,,,,2
Emp_865,Training_55,Trainer_81,completed,100,41,5,failed,2
Emp_866,Training_32,Trainer_42,pending,0,,,,5
Emp_867,Training_34,Trainer_65,completed,100,17,61,passed,3
Emp_868,Training_91,Trainer_21,completed,100,29,44,failed,3
Emp_869,Training_66,Trainer_13,in_progress,72,0,,,4
Emp_870,Training_25,Trainer_38,pending,0,,,,2
Emp_871,Training_39,Trainer_97,completed,100,4,34,failed,4
Emp_872,Training_8,Trainer_41,completed,100,30,49,failed,5
Emp_873,Training_76,Trainer_85,completed,100,34,36,failed,4
Emp_874,Training_15,Trainer_42,pending,0,,,,2
Emp_875,Training_5,Trainer_88,pending,0,,,,1
Emp_876,Training_7,Trainer_6,in_progress,42,48,,,1
Emp_877,Training_14,Trainer_75,in_progress,56,33,,,4
Emp_878,Training_70,Trainer_19,in_progress,95,21,,,1
Emp_879,Training_43,Trainer_28,completed,100,8,72,passed,2
Emp_880,Training_69,Trainer_100,pending,0,,,,5
Emp_881,Training_32,Trainer_19,in_progress,79,25,,,5
Emp_882,Training_14,Trainer_14,pending,0,,,,5
Emp_883,Training_43,Trainer_65,in_progress,10,2,,,2
Emp_884,Training_71,Trainer_62,in_progress,64,7,,,2
Emp_885,Training_24,Trainer_83,completed,100,56,17,failed,4
Emp_886,Training_47,Trainer_47,completed,100,44,77,passed,5
Emp_887,Training_45,Trainer_71,in_progress,80,59,,,5
Emp_888,Training_4,Trainer_80,pending,0,,,,3
Emp_889,Training_56,Trainer_17,pending,0,,,,1
Emp_890,Training_10,Trainer_51,completed,100,34,48,failed,1
Emp_891,Training_21,Trainer_27,pending,0,,,,4
Emp_892,Training_38,Trainer_43,pending,0,,,,2
Emp_893,Training_65,Trainer_88,completed,100,18,81,passed,1
Emp_894,Training_23,Trainer_35,completed,100,41,98,passed,1
Emp_895,Training_30,Trainer_72,completed,100,10,26,failed,1
Emp_896,Training_54,Trainer_7,pending,0,,,,1
Emp_897,Training_32,Trainer_90,completed,100,40,69,passed,2
Emp_898,Training_7,Trainer_19,completed,100,34,17,failed,3
Emp_899,Training_36,Trainer_27,completed,100,51,52,passed,1
Emp_900,Training_47,Trainer_34,completed,100,51,72,passed,3
Emp_901,Training_91,Trainer_70,completed,100,57,13,failed,4
Emp_902,Training_69,Trainer_7,in_progress,45,11,,,5
Emp_903,Training_36,Trainer_65,in_progress,23,5,,,4
Emp_904,Training_15,Trainer_27,in_progress,31,29,,,5
Emp_905,Training_7,Trainer_41,in_progress,71,39,,,1
Emp_906,Training_41,Trainer_63,pending,0,,,,2
Emp_907,Training_67,Trainer_46,pending,0,,,,5
Emp_908,Training_98,Trainer_12,pending,0,,,,4
Emp_909,Training_26,Trainer_1,pending,0,,,,4
Emp_910,Training_28,Trainer_36,completed,100,38,91,passed,2
Emp_911,Training_50,Trainer_36,completed,100,27,40,failed,2
Emp_912,Training_18,Trainer_11,in_progress,19,28,,,3
Emp_913,Training_75,Trainer_99,in_progress,41,11,,,2
Emp_914,Training_78,Trainer_70,in_progress,34,4,,,3
Emp_915,Training_60,Trainer_40,in_progress,1,23,,,3
Emp_916,Training_65,Trainer_53,completed,100,38,47,failed,4
Emp_917,Training_63,Trainer_88,pending,0,,,,3
Emp_918,Training_86,Trainer_27,in_progress,77,40,,,2
Emp_919,Training_3,Trainer_60,completed,100,49,4,failed,5
Emp_920,Training_29,Trainer_61,pending,0,,,,1
Emp_921,Training_88,Trainer_39,in_progress,62,31,,,5
Emp_922,Training_63,Trainer_69,pending,0,,,,5
Emp_923,Training_98,Trainer_90,pending,0,,,,1
Emp_924,Training_13,Trainer_37,in_progress,50,31,,,4
Emp_925,Training_81,Trainer_45,completed,100,56,64,passed,5
Emp_926,Training_76,Trainer_11,completed,100,46,62,passed,1
Emp_927,Training_58,Trainer_45,pending,0,,,,4
Emp_928,Training_14,Trainer_60,completed,100,60,0,failed,5
Emp_929,Training_13,Trainer_46,pending,0,,,,5
Emp_930,Training_21,Trainer_42,completed,100,11,46,failed,1
Emp_931,Training_77,Trainer_20,completed,100,7,92,passed,4
Emp_932,Training_48,Trainer_51,in_progress,39,9,,,5
Emp_933,Training_74,Trainer_97,completed,100,58,67,passed,3
Emp_934,Training_31,Trainer_87,pending,0,,,,5
Emp_935,Training_94,Trainer_28,pending,0,,,,5
Emp_936,Training_25,Trainer_54,completed,100,36,20,failed,2
Emp_937,Training_90,Trainer_14,pending,0,,,,5
Emp_938,Training_58,Trainer_16,pending,0,,,,1
Emp_939,Training_3,Trainer_79,in_progress,96,27,,,3
Emp_940,Training_25,Trainer_95,in_progress,6,19,,,5
Emp_941,Training_86,Trainer_80,pending,0,,,,5
Emp_942,Training_92,Trainer_54,pending,0,,,,3
Emp_943,Training_54,Trainer_25,pending,0,,,,4
Emp_944,Training_6,Trainer_70,in_progress,70,12,,,4
Emp_945,Training_31,Trainer_87,pending,0,,,,3
Emp_946,Training_8,Trainer_87,pending,0,,,,3
Emp_947,Training_23,Trainer_62,in_progress,59,28,,,5
Emp_948,Training_94,Trainer_36,pending,0,,,,1
Emp_949,Training_58,Trainer_30,in_progress,57,9,,,4
Emp_950,Training_14,Trainer_18,completed,100,12,92,passed,5
Emp_951,Training_92,Trainer_2,in_progress,56,32,,,4
Emp_952,Training_75,Trainer_50,completed,100,11,62,passed,1
Emp_953,Training_19,Trainer_63,pending,0,,,,2
Emp_954,Training_53,Trainer_34,pending,0,,,,2
Emp_955,Training_92,Trainer_71,completed,100,51,43,failed,4
Emp_956,Training_77,Trainer_39,in_progress,87,13,,,2
Emp_957,Training_7,Trainer_19,pending,0,,,,5
Emp_958,Training_67,Trainer_90,completed,100,18,78,passed,1
Emp_959,Training_11,Trainer_34,completed,100,8,59,passed,3
Emp_960,Training_46,Trainer_25,pending,0,,,,2
Emp_961,Training_13,Trainer_25,completed,100,36,23,failed,3
Emp_962,Training_53,Trainer_51,in_progress,86,58,,,4
Emp_963,Training_31,Trainer_26,in_progress,23,24,,,2
Emp_964,Training_34,Trainer_85,in_progress,78,5,,,1
Emp_965,Training_74,Trainer_4,pending,0,,,,1
Emp_966,Training_49,Trainer_43,pending,0,,,,4
Emp_967,Training_97,Trainer_98,pending,0,,,,1
Emp_968,Training_33,Trainer_12,pending,0,,,,1
Emp_969,Training_98,Trainer_73,pending,0,,,,4
Emp_970,Training_61,Trainer_46,pending,0,,,,3
Emp_971,Training_61,Trainer_29,completed,100,56,5,failed,1
Emp_972,Training_44,Trainer_26,pending,0,,,,5
Emp_973,Training_96,Trainer_21,pending,0,,,,2
Emp_974,Training_24,Trainer_28,pending,0,,,,3
Emp_975,Training_46,Trainer_98,completed,100,13,69,passed,2
Emp_976,Training_91,Trainer_9,pending,0,,,,2
Emp_977,Training_54,Trainer_47,pending,0,,,,3
Emp_978,Training_99,Trainer_16,in_progress,98,56,,,3
Emp_979,Training_48,Trainer_70,pending,0,,,,1
Emp_980,Training_25,Trainer_59,pending,0,,,,4
Emp_981,Training_18,Trainer_69,in_progress,40,52,,,4
Emp_982,Training_22,Trainer_27,pending,0,,,,4
Emp_983,Training_75,Trainer_6,completed,100,19,63,passed,1
Emp_984,Training_84,Trainer_14,in_progress,53,13,,,1
Emp_985,Training_21,Trainer_46,pending,0,,,,1
Emp_986,Training_96,Trainer_77,completed,100,43,29,failed,1
Emp_987,Training_6,Trainer_13,in_progress,66,55,,,3
Emp_988,Training_18,Trainer_14,in_progress,73,41,,,1
Emp_989,Training_93,Trainer_93,in_progress,63,46,,,5
Emp_990,Training_65,Trainer_8,in_progress,97,25,,,1
Emp_991,Training_30,Trainer_82,in_progress,56,59,,,1
Emp_992,Training_56,Trainer_98,in_progress,74,44,,,1
Emp_993,Training_19,Trainer_73,completed,100,31,28,failed,1
Emp_994,Training_55,Trainer_57,in_progress,76,38,,,4
Emp_995,Training_2,Trainer_99,completed,100,10,62,passed,1
Emp_996,Training_23,Trainer_52,completed,100,43,51,passed,2
Emp_997,Training_93,Trainer_42,pending,0,,,,5
Emp_998,Training_35,Trainer_6,pending,0,,,,4
Emp_999,Training_17,Trainer_56,completed,100,48,73,passed,5
