_id,userId,trainingId,trainerId,trainingStatus,assessment_percentage_done,assessment_completion_time_in_hours,scoreAchievedInQuiz,quizPassedOrFailed,ratingGivenByTrainer
66125db56116598e0daeb9fa,Emp_181,Training_10,,in_progress,87,,,,4
66125db56116598e0daeb9fb,Emp_172,Training_84,,pending,0,,,,4
66125db56116598e0daeb9fc,Emp_133,Training_69,,in_progress,88,,,,2
66125db56116598e0daeb9fd,Emp_17,Training_83,,pending,0,,,,5
66125db56116598e0daeb9fe,Emp_66,Training_22,,completed,100,28.0,56.0,passed,4
66125db56116598e0daeb9ff,Emp_76,Training_4,,in_progress,87,,,,1
66125db56116598e0daeba00,Emp_99,Training_71,,completed,100,48.0,67.0,passed,4
66125db56116598e0daeba01,Emp_21,Training_10,,in_progress,67,,,,5
66125db56116598e0daeba02,Emp_27,Training_24,,pending,0,,,,1
66125db56116598e0daeba03,Emp_158,Training_17,,completed,100,1.0,66.0,passed,2
66125db56116598e0daeba04,Emp_160,Training_10,,in_progress,64,,,,5
66125db56116598e0daeba05,Emp_48,Training_83,,in_progress,37,,,,4
66125db56116598e0daeba06,Emp_110,Training_82,,pending,0,,,,5
66125db56116598e0daeba07,Emp_81,Training_65,,pending,0,,,,2
66125db56116598e0daeba08,Emp_168,Training_20,,in_progress,49,,,,1
66125db56116598e0daeba09,Emp_187,Training_27,,completed,100,12.0,77.0,passed,1
66125db56116598e0daeba0a,Emp_175,Training_78,,in_progress,30,,,,4
66125db56116598e0daeba0b,Emp_66,Training_94,,completed,100,44.0,46.0,failed,2
66125db56116598e0daeba0c,Emp_84,Training_10,,pending,0,,,,5
66125db56116598e0daeba0d,Emp_129,Training_79,,completed,100,50.0,25.0,failed,2
66125db56116598e0daeba0e,Emp_22,Training_87,,pending,0,,,,1
66125db56116598e0daeba0f,Emp_184,Training_65,,completed,100,13.0,70.0,passed,5
66125db56116598e0daeba10,Emp_68,Training_96,,in_progress,71,,,,5
66125db56116598e0daeba11,Emp_12,Training_56,,in_progress,39,,,,4
66125db56116598e0daeba12,Emp_151,Training_84,,completed,100,44.0,14.0,failed,1
66125db56116598e0daeba13,Emp_148,Training_76,,pending,0,,,,5
66125db56116598e0daeba14,Emp_156,Training_43,,in_progress,57,,,,3
66125db56116598e0daeba15,Emp_90,Training_20,,in_progress,88,,,,5
66125db56116598e0daeba16,Emp_36,Training_95,,in_progress,64,,,,4
66125db56116598e0daeba17,Emp_5,Training_29,,pending,0,,,,4
66125db56116598e0daeba18,Emp_91,Training_14,,completed,100,33.0,80.0,passed,3
66125db56116598e0daeba19,Emp_109,Training_22,,pending,0,,,,4
66125db56116598e0daeba1a,Emp_85,Training_71,,in_progress,32,,,,3
66125db56116598e0daeba1b,Emp_61,Training_95,,in_progress,9,,,,2
66125db56116598e0daeba1c,Emp_153,Training_47,,pending,0,,,,2
66125db56116598e0daeba1d,Emp_87,Training_88,,completed,100,29.0,80.0,passed,4
66125db56116598e0daeba1e,Emp_192,Training_25,,in_progress,89,,,,2
66125db56116598e0daeba1f,Emp_73,Training_78,,in_progress,82,,,,3
66125db56116598e0daeba20,Emp_120,Training_82,,completed,100,4.0,41.0,failed,5
66125db56116598e0daeba21,Emp_102,Training_54,,pending,0,,,,4
66125db56116598e0daeba22,Emp_61,Training_6,,in_progress,54,,,,4
66125db56116598e0daeba23,Emp_84,Training_94,,in_progress,55,,,,3
66125db56116598e0daeba24,Emp_86,Training_23,,in_progress,63,,,,5
66125db56116598e0daeba25,Emp_2,Training_12,,completed,100,17.0,88.0,passed,1
66125db56116598e0daeba26,Emp_159,Training_66,,pending,0,,,,4
66125db56116598e0daeba27,Emp_21,Training_57,,pending,0,,,,3
66125db56116598e0daeba28,Emp_151,Training_22,,in_progress,17,,,,3
66125db56116598e0daeba29,Emp_12,Training_85,,completed,100,29.0,13.0,failed,4
66125db56116598e0daeba2a,Emp_107,Training_56,,completed,100,49.0,28.0,failed,5
66125db56116598e0daeba2b,Emp_61,Training_40,,in_progress,5,,,,2
66125db56116598e0daeba2c,Emp_116,Training_97,,completed,100,6.0,73.0,passed,4
66125db56116598e0daeba2d,Emp_33,Training_42,,completed,100,58.0,53.0,passed,3
66125db56116598e0daeba2e,Emp_73,Training_86,,pending,0,,,,2
66125db56116598e0daeba2f,Emp_190,Training_65,,pending,0,,,,1
66125db56116598e0daeba30,Emp_56,Training_100,,completed,100,32.0,34.0,failed,4
66125db56116598e0daeba31,Emp_180,Training_88,,pending,0,,,,2
66125db56116598e0daeba32,Emp_48,Training_11,,completed,100,2.0,96.0,passed,3
66125db56116598e0daeba33,Emp_99,Training_34,,in_progress,40,,,,3
66125db56116598e0daeba34,Emp_44,Training_19,,in_progress,87,,,,3
66125db56116598e0daeba35,Emp_15,Training_96,,completed,100,30.0,48.0,failed,2
66125db56116598e0daeba36,Emp_118,Training_52,,in_progress,32,,,,2
66125db56116598e0daeba37,Emp_37,Training_91,,pending,0,,,,2
66125db56116598e0daeba38,Emp_77,Training_88,,pending,0,,,,4
66125db56116598e0daeba39,Emp_77,Training_14,,pending,0,,,,3
66125db56116598e0daeba3c,Emp_151,Training_17,,completed,100,52.0,81.0,passed,1
66125db56116598e0daeba3d,Emp_136,Training_68,,pending,0,,,,2
66125db56116598e0daeba3e,Emp_170,Training_20,,completed,100,5.0,87.0,passed,1
66125db56116598e0daeba3f,Emp_126,Training_77,,in_progress,99,,,,3
66125db56116598e0daeba40,Emp_108,Training_82,,completed,100,3.0,14.0,failed,1
66125db56116598e0daeba41,Emp_85,Training_30,,completed,100,20.0,54.0,passed,2
66125db56116598e0daeba42,Emp_110,Training_96,,completed,100,10.0,41.0,failed,3
66125db56116598e0daeba43,Emp_152,Training_41,,pending,0,,,,1
66125db56116598e0daeba44,Emp_24,Training_76,,in_progress,33,,,,3
66125db56116598e0daeba45,Emp_11,Training_30,,in_progress,84,,,,4
66125db56116598e0daeba46,Emp_155,Training_83,,completed,100,8.0,68.0,passed,1
66125db56116598e0daeba47,Emp_136,Training_49,,pending,0,,,,2
66125db56116598e0daeba48,Emp_164,Training_19,,completed,100,6.0,3.0,failed,2
66125db56116598e0daeba49,Emp_168,Training_76,,completed,100,24.0,21.0,failed,1
66125db56116598e0daeba4a,Emp_154,Training_37,,in_progress,47,,,,4
66125db56116598e0daeba4b,Emp_107,Training_36,,completed,100,13.0,75.0,passed,1
66125db56116598e0daeba4c,Emp_141,Training_14,,pending,0,,,,4
66125db56116598e0daeba4d,Emp_45,Training_74,,pending,0,,,,3
66125db56116598e0daeba4e,Emp_77,Training_19,,completed,100,51.0,21.0,failed,4
66125db56116598e0daeba4f,Emp_117,Training_49,,pending,0,,,,3
66125db56116598e0daeba50,Emp_133,Training_2,,pending,0,,,,1
66125db56116598e0daeba51,Emp_17,Training_64,,completed,100,34.0,52.0,passed,5
66125db56116598e0daeba52,Emp_169,Training_31,,pending,0,,,,2
66125db56116598e0daeba53,Emp_53,Training_20,,pending,0,,,,5
66125db56116598e0daeba54,Emp_166,Training_86,,completed,100,60.0,36.0,failed,4
66125db56116598e0daeba55,Emp_198,Training_93,,pending,0,,,,5
66125db56116598e0daeba56,Emp_104,Training_29,,completed,100,38.0,40.0,failed,4
66125db56116598e0daeba57,Emp_15,Training_63,,pending,0,,,,3
66125db56116598e0daeba58,Emp_50,Training_48,,completed,100,58.0,57.0,passed,3
66125db56116598e0daeba59,Emp_122,Training_62,,pending,0,,,,2
66125db56116598e0daeba5a,Emp_103,Training_43,,in_progress,86,,,,3
66125db56116598e0daeba5b,Emp_153,Training_12,,pending,0,,,,1
66125db56116598e0daeba5c,Emp_103,Training_84,,pending,0,,,,2
66125db56116598e0daeba5d,Emp_66,Training_7,,pending,0,,,,1
66125db56116598e0daeba5e,Emp_109,Training_19,,completed,100,45.0,70.0,passed,4
66125db56116598e0daeba5f,Emp_119,Training_20,,in_progress,86,,,,3
66125db56116598e0daeba60,Emp_172,Training_98,,in_progress,30,,,,5
66125db56116598e0daeba61,Emp_30,Training_79,,pending,0,,,,2
66125db56116598e0daeba62,Emp_128,Training_4,,pending,0,,,,4
66125db56116598e0daeba63,Emp_77,Training_92,,completed,100,46.0,26.0,failed,5
66125db56116598e0daeba64,Emp_17,Training_46,,in_progress,9,,,,2
66125db56116598e0daeba65,Emp_73,Training_34,,pending,0,,,,1
66125db56116598e0daeba66,Emp_146,Training_78,,completed,100,10.0,74.0,passed,2
66125db56116598e0daeba67,Emp_39,Training_98,,in_progress,37,,,,1
66125db56116598e0daeba68,Emp_80,Training_95,,pending,0,,,,5
66125db56116598e0daeba69,Emp_20,Training_78,,in_progress,14,,,,2
66125db56116598e0daeba6a,Emp_65,Training_92,,pending,0,,,,4
66125db56116598e0daeba6b,Emp_1,Training_10,,completed,100,12.0,8.0,failed,2
66125db56116598e0daeba6c,Emp_14,Training_2,,pending,0,,,,3
66125db56116598e0daeba6d,Emp_10,Training_30,,in_progress,67,,,,3
66125db56116598e0daeba6e,Emp_132,Training_84,,in_progress,2,,,,5
66125db56116598e0daeba6f,Emp_25,Training_68,,pending,0,,,,1
66125db56116598e0daeba70,Emp_6,Training_81,,in_progress,54,,,,1
66125db56116598e0daeba71,Emp_184,Training_66,,pending,0,,,,2
66125db56116598e0daeba72,Emp_71,Training_73,,pending,0,,,,2
66125db56116598e0daeba73,Emp_191,Training_19,,completed,100,50.0,16.0,failed,5
66125db56116598e0daeba74,Emp_194,Training_23,,completed,100,23.0,97.0,passed,5
66125db56116598e0daeba75,Emp_195,Training_24,,pending,0,,,,4
66125db56116598e0daeba76,Emp_61,Training_93,,completed,100,59.0,92.0,passed,4
66125db56116598e0daeba77,Emp_86,Training_56,,pending,0,,,,4
66125db56116598e0daeba78,Emp_113,Training_66,,completed,100,38.0,61.0,passed,1
66125db56116598e0daeba79,Emp_199,Training_42,,pending,0,,,,1
66125db56116598e0daeba7a,Emp_20,Training_39,,completed,100,37.0,6.0,failed,2
66125db56116598e0daeba7b,Emp_97,Training_45,,completed,100,19.0,85.0,passed,3
66125db56116598e0daeba7d,Emp_68,Training_56,,in_progress,25,,,,3
66125db56116598e0daeba7e,Emp_184,Training_99,,in_progress,35,,,,3
66125db56116598e0daeba7f,Emp_143,Training_28,,completed,100,55.0,14.0,failed,1
66125db56116598e0daeba80,Emp_89,Training_34,,pending,0,,,,1
66125db56116598e0daeba81,Emp_154,Training_41,,pending,0,,,,2
66125db56116598e0daeba82,Emp_191,Training_34,,pending,0,,,,1
66125db56116598e0daeba83,Emp_119,Training_14,,in_progress,11,,,,4
66125db56116598e0daeba84,Emp_57,Training_80,,completed,100,31.0,4.0,failed,1
66125db56116598e0daeba85,Emp_190,Training_21,,completed,100,22.0,49.0,failed,3
66125db56116598e0daeba86,Emp_147,Training_29,,in_progress,60,,,,2
66125db56116598e0daeba87,Emp_147,Training_36,,completed,100,8.0,4.0,failed,4
66125db56116598e0daeba88,Emp_58,Training_46,,pending,0,,,,3
66125db56116598e0daeba89,Emp_146,Training_61,,completed,100,16.0,53.0,passed,2
66125db56116598e0daeba8a,Emp_25,Training_96,,completed,100,29.0,67.0,passed,5
66125db56116598e0daeba8b,Emp_63,Training_36,,in_progress,97,,,,2
66125db56116598e0daeba8c,Emp_65,Training_59,,in_progress,6,,,,5
66125db56116598e0daeba8d,Emp_9,Training_95,,completed,100,47.0,4.0,failed,3
66125db56116598e0daeba8e,Emp_67,Training_28,,in_progress,42,,,,4
66125db56116598e0daeba8f,Emp_40,Training_47,,in_progress,14,,,,5
66125db56116598e0daeba90,Emp_81,Training_2,,in_progress,5,,,,4
66125db56116598e0daeba91,Emp_137,Training_82,,completed,100,59.0,41.0,failed,2
66125db56116598e0daeba92,Emp_109,Training_55,,pending,0,,,,4
66125db56116598e0daeba93,Emp_181,Training_45,,pending,0,,,,4
66125db56116598e0daeba94,Emp_124,Training_78,,completed,100,5.0,93.0,passed,1
66125db56116598e0daeba95,Emp_75,Training_5,,completed,100,34.0,63.0,passed,1
66125db56116598e0daeba96,Emp_108,Training_67,,completed,100,1.0,2.0,failed,3
66125db56116598e0daeba97,Emp_68,Training_59,,completed,100,34.0,74.0,passed,1
66125db56116598e0daeba98,Emp_168,Training_62,,pending,0,,,,4
66125db56116598e0daeba99,Emp_116,Training_84,,in_progress,81,,,,1
66125db56116598e0daeba9a,Emp_54,Training_71,,pending,0,,,,2
66125db56116598e0daeba9b,Emp_157,Training_83,,pending,0,,,,3
66125db56116598e0daeba9c,Emp_149,Training_6,,in_progress,66,,,,3
66125db56116598e0daeba9d,Emp_103,Training_53,,in_progress,70,,,,5
66125db56116598e0daeba9e,Emp_130,Training_24,,completed,100,36.0,70.0,passed,4
66125db56116598e0daeba9f,Emp_155,Training_40,,completed,100,21.0,50.0,passed,3
66125db56116598e0daebaa0,Emp_181,Training_77,,in_progress,85,,,,2
66125db56116598e0daebaa1,Emp_113,Training_88,,pending,0,,,,3
66125db56116598e0daebaa2,Emp_131,Training_15,,in_progress,14,,,,2
66125db56116598e0daebaa3,Emp_179,Training_47,,completed,100,4.0,88.0,passed,1
66125db56116598e0daebaa4,Emp_18,Training_81,,in_progress,7,,,,2
66125db56116598e0daebaa5,Emp_87,Training_49,,in_progress,47,,,,4
66125db56116598e0daebaa6,Emp_200,Training_34,,completed,100,56.0,22.0,failed,5
66125db56116598e0daebaa7,Emp_147,Training_94,,in_progress,56,,,,5
66125db56116598e0daebaa8,Emp_33,Training_80,,pending,0,,,,4
66125db56116598e0daebaa9,Emp_53,Training_80,,pending,0,,,,5
66125db56116598e0daebaaa,Emp_167,Training_90,,pending,0,,,,2
66125db56116598e0daebaab,Emp_103,Training_69,,completed,100,19.0,28.0,failed,3
66125db56116598e0daebaac,Emp_124,Training_22,,pending,0,,,,1
66125db56116598e0daebaad,Emp_113,Training_41,,pending,0,,,,2
66125db56116598e0daebaae,Emp_143,Training_53,,completed,100,8.0,30.0,failed,1
66125db56116598e0daebaaf,Emp_66,Training_16,,pending,0,,,,2
66125db56116598e0daebab0,Emp_41,Training_40,,pending,0,,,,2
66125db56116598e0daebab1,Emp_196,Training_78,,pending,0,,,,2
66125db56116598e0daebab2,Emp_61,Training_10,,in_progress,10,,,,4
66125db56116598e0daebab3,Emp_117,Training_80,,pending,0,,,,4
66125db56116598e0daebab4,Emp_130,Training_57,,completed,100,23.0,62.0,passed,2
66125db56116598e0daebab5,Emp_186,Training_34,,completed,100,32.0,43.0,failed,4
66125db56116598e0daebab6,Emp_133,Training_38,,in_progress,83,,,,5
66125db56116598e0daebab7,Emp_108,Training_81,,in_progress,63,,,,5
66125db56116598e0daebab8,Emp_129,Training_8,,pending,0,,,,4
66125db56116598e0daebab9,Emp_73,Training_84,,pending,0,,,,2
66125db56116598e0daebaba,Emp_19,Training_44,,in_progress,48,,,,3
66125db56116598e0daebabb,Emp_56,Training_17,,pending,0,,,,5
66125db56116598e0daebabc,Emp_76,Training_86,,in_progress,82,,,,1
66125db56116598e0daebabe,Emp_185,Training_7,,pending,0,,,,2
66125db56116598e0daebabf,Emp_159,Training_88,,in_progress,31,,,,3
66125db56116598e0daebac0,Emp_151,Training_52,,in_progress,21,,,,1
66125db56116598e0daebac1,Emp_181,Training_76,,pending,0,,,,3
66125db56116598e0daebac2,Emp_44,Training_15,,pending,0,,,,4
66125db56116598e0daebac3,Emp_38,Training_77,,pending,0,,,,2
66125db56116598e0daebac4,Emp_106,Training_42,,pending,0,,,,2
66125db56116598e0daebac5,Emp_148,Training_95,,in_progress,46,,,,5
66125db56116598e0daebac6,Emp_194,Training_74,,in_progress,4,,,,2
66125db56116598e0daebac7,Emp_79,Training_19,,pending,0,,,,1
66125db56116598e0daebac8,Emp_194,Training_43,,completed,100,14.0,4.0,failed,5
66125db56116598e0daebac9,Emp_1,Training_45,,pending,0,,,,5
66125db56116598e0daebaca,Emp_149,Training_90,,completed,100,11.0,84.0,passed,1
66125db56116598e0daebacb,Emp_174,Training_22,,pending,0,,,,1
66125db56116598e0daebacc,Emp_67,Training_33,,pending,0,,,,1
66125db56116598e0daebacd,Emp_33,Training_80,,pending,0,,,,3
66125db56116598e0daebace,Emp_128,Training_39,,completed,100,1.0,80.0,passed,3
66125db56116598e0daebacf,Emp_184,Training_88,,in_progress,45,,,,3
66125db56116598e0daebad0,Emp_170,Training_52,,pending,0,,,,1
66125db56116598e0daebad1,Emp_54,Training_52,,in_progress,97,,,,3
66125db56116598e0daebad2,Emp_196,Training_31,,completed,100,36.0,12.0,failed,2
66125db56116598e0daebad3,Emp_184,Training_60,,pending,0,,,,3
66125db56116598e0daebad4,Emp_54,Training_79,,in_progress,34,,,,5
66125db56116598e0daebad5,Emp_51,Training_47,,pending,0,,,,3
66125db56116598e0daebad6,Emp_108,Training_90,,in_progress,19,,,,4
66125db56116598e0daebad7,Emp_16,Training_93,,completed,100,41.0,61.0,passed,3
66125db56116598e0daebad8,Emp_140,Training_21,,pending,0,,,,2
66125db56116598e0daebad9,Emp_18,Training_22,,pending,0,,,,1
66125db56116598e0daebada,Emp_26,Training_84,,completed,100,15.0,5.0,failed,2
66125db56116598e0daebadb,Emp_149,Training_45,,in_progress,9,,,,2
66125db56116598e0daebadc,Emp_29,Training_36,,in_progress,22,,,,1
66125db56116598e0daebadd,Emp_192,Training_66,,pending,0,,,,4
66125db56116598e0daebade,Emp_101,Training_2,,in_progress,29,,,,3
66125db56116598e0daebadf,Emp_74,Training_49,,completed,100,22.0,15.0,failed,4
66125db56116598e0daebae0,Emp_123,Training_27,,completed,100,33.0,68.0,passed,3
66125db56116598e0daebae1,Emp_94,Training_7,,completed,100,19.0,28.0,failed,3
66125db56116598e0daebae2,Emp_161,Training_22,,in_progress,27,,,,1
66125db56116598e0daebae3,Emp_134,Training_86,,in_progress,44,,,,1
66125db56116598e0daebae4,Emp_160,Training_17,,pending,0,,,,2
66125db56116598e0daebae5,Emp_96,Training_27,,completed,100,34.0,29.0,failed,4
66125db56116598e0daebae6,Emp_75,Training_54,,pending,0,,,,5
66125db56116598e0daebae7,Emp_5,Training_34,,completed,100,41.0,8.0,failed,1
66125db56116598e0daebae8,Emp_85,Training_4,,in_progress,45,,,,5
66125db56116598e0daebae9,Emp_181,Training_77,,completed,100,44.0,71.0,passed,2
66125db56116598e0daebaea,Emp_187,Training_53,,in_progress,67,,,,1
66125db56116598e0daebaeb,Emp_140,Training_60,,pending,0,,,,4
66125db56116598e0daebaec,Emp_60,Training_97,,in_progress,41,,,,2
66125db56116598e0daebaed,Emp_168,Training_65,,pending,0,,,,3
66125db56116598e0daebaee,Emp_171,Training_81,,in_progress,20,,,,1
66125db56116598e0daebaef,Emp_55,Training_83,,in_progress,97,,,,4
66125db56116598e0daebaf0,Emp_71,Training_51,,in_progress,100,,,,3
66125db56116598e0daebaf1,Emp_56,Training_1,,completed,100,9.0,90.0,passed,5
66125db56116598e0daebaf2,Emp_137,Training_84,,in_progress,84,,,,3
66125db56116598e0daebaf3,Emp_53,Training_1,,completed,100,18.0,77.0,passed,2
66125db56116598e0daebaf4,Emp_75,Training_29,,pending,0,,,,2
66125db56116598e0daebaf5,Emp_152,Training_73,,in_progress,93,,,,3
66125db56116598e0daebaf6,Emp_67,Training_82,,pending,0,,,,3
66125db56116598e0daebaf7,Emp_92,Training_55,,in_progress,26,,,,1
66125db56116598e0daebaf8,Emp_158,Training_10,,in_progress,23,,,,2
66125db56116598e0daebaf9,Emp_172,Training_49,,completed,100,49.0,53.0,passed,5
66125db56116598e0daebafa,Emp_97,Training_54,,in_progress,18,,,,2
66125db56116598e0daebafb,Emp_30,Training_33,,completed,100,26.0,56.0,passed,3
66125db56116598e0daebafc,Emp_129,Training_56,,completed,100,51.0,28.0,failed,4
66125db56116598e0daebafd,Emp_84,Training_44,,completed,100,56.0,94.0,passed,2
66125db56116598e0daebaff,Emp_98,Training_90,,pending,0,,,,3
66125db56116598e0daebb00,Emp_100,Training_26,,pending,0,,,,1
66125db56116598e0daebb01,Emp_149,Training_71,,in_progress,85,,,,3
66125db56116598e0daebb02,Emp_190,Training_57,,pending,0,,,,5
66125db56116598e0daebb03,Emp_163,Training_11,,pending,0,,,,2
66125db56116598e0daebb04,Emp_92,Training_20,,completed,100,59.0,97.0,passed,1
66125db56116598e0daebb05,Emp_57,Training_44,,in_progress,47,,,,3
66125db56116598e0daebb06,Emp_75,Training_36,,completed,100,54.0,73.0,passed,1
66125db56116598e0daebb07,Emp_200,Training_84,,completed,100,41.0,23.0,failed,3
66125db56116598e0daebb08,Emp_110,Training_3,,pending,0,,,,1
66125db56116598e0daebb09,Emp_148,Training_79,,pending,0,,,,4
66125db56116598e0daebb0a,Emp_115,Training_88,,pending,0,,,,3
66125db56116598e0daebb0b,Emp_13,Training_13,,completed,100,58.0,16.0,failed,2
66125db56116598e0daebb0c,Emp_187,Training_63,,pending,0,,,,3
66125db56116598e0daebb0d,Emp_129,Training_45,,in_progress,79,,,,5
66125db56116598e0daebb0e,Emp_109,Training_85,,completed,100,1.0,26.0,failed,2
66125db56116598e0daebb0f,Emp_3,Training_70,,completed,100,12.0,2.0,failed,2
66125db56116598e0daebb10,Emp_68,Training_8,,completed,100,18.0,60.0,passed,2
66125db56116598e0daebb11,Emp_89,Training_64,,completed,100,49.0,56.0,passed,1
66125db56116598e0daebb12,Emp_87,Training_71,,in_progress,27,,,,2
66125db56116598e0daebb13,Emp_39,Training_4,,in_progress,91,,,,2
66125db56116598e0daebb14,Emp_170,Training_60,,completed,100,53.0,88.0,passed,1
66125db56116598e0daebb15,Emp_96,Training_16,,in_progress,98,,,,2
66125db56116598e0daebb16,Emp_94,Training_28,,in_progress,86,,,,5
66125db56116598e0daebb17,Emp_142,Training_67,,pending,0,,,,1
66125db56116598e0daebb18,Emp_42,Training_29,,completed,100,48.0,3.0,failed,2
66125db56116598e0daebb19,Emp_184,Training_34,,completed,100,43.0,62.0,passed,4
66125db56116598e0daebb1a,Emp_195,Training_19,,completed,100,7.0,96.0,passed,1
66125db56116598e0daebb1b,Emp_48,Training_95,,completed,100,9.0,99.0,passed,4
66125db56116598e0daebb1c,Emp_184,Training_17,,completed,100,42.0,38.0,failed,4
66125db56116598e0daebb1d,Emp_130,Training_52,,pending,0,,,,4
66125db56116598e0daebb1e,Emp_183,Training_53,,pending,0,,,,4
66125db56116598e0daebb1f,Emp_155,Training_57,,pending,0,,,,1
66125db56116598e0daebb20,Emp_103,Training_51,,pending,0,,,,5
66125db56116598e0daebb21,Emp_63,Training_24,,pending,0,,,,1
66125db56116598e0daebb22,Emp_113,Training_11,,completed,100,33.0,41.0,failed,5
66125db56116598e0daebb23,Emp_81,Training_46,,in_progress,75,,,,2
66125db56116598e0daebb24,Emp_79,Training_63,,completed,100,9.0,49.0,failed,3
66125db56116598e0daebb25,Emp_1,Training_62,,in_progress,98,,,,4
66125db56116598e0daebb26,Emp_12,Training_100,,completed,100,43.0,32.0,failed,2
66125db56116598e0daebb27,Emp_23,Training_62,,completed,100,53.0,73.0,passed,3
66125db56116598e0daebb28,Emp_134,Training_6,,completed,100,15.0,45.0,failed,5
66125db56116598e0daebb29,Emp_171,Training_29,,in_progress,98,,,,2
66125db56116598e0daebb2a,Emp_112,Training_40,,completed,100,28.0,71.0,passed,5
66125db56116598e0daebb2b,Emp_92,Training_40,,pending,0,,,,1
66125db56116598e0daebb2c,Emp_63,Training_33,,completed,100,32.0,14.0,failed,1
66125db56116598e0daebb2d,Emp_10,Training_53,,completed,100,32.0,36.0,failed,2
66125db56116598e0daebb2e,Emp_57,Training_30,,completed,100,35.0,24.0,failed,1
66125db56116598e0daebb2f,Emp_62,Training_30,,pending,0,,,,3
66125db56116598e0daebb30,Emp_52,Training_49,,in_progress,9,,,,2
66125db56116598e0daebb31,Emp_166,Training_48,,in_progress,73,,,,3
66125db56116598e0daebb32,Emp_119,Training_88,,completed,100,55.0,72.0,passed,3
66125db56116598e0daebb33,Emp_72,Training_34,,in_progress,68,,,,2
66125db56116598e0daebb34,Emp_21,Training_5,,completed,100,7.0,39.0,failed,4
66125db56116598e0daebb35,Emp_150,Training_95,,in_progress,7,,,,4
66125db56116598e0daebb36,Emp_48,Training_66,,pending,0,,,,3
66125db56116598e0daebb37,Emp_187,Training_6,,in_progress,57,,,,1
66125db56116598e0daebb38,Emp_156,Training_86,,pending,0,,,,3
66125db56116598e0daebb39,Emp_67,Training_36,,in_progress,98,,,,4
66125db56116598e0daebb3a,Emp_72,Training_53,,completed,100,55.0,3.0,failed,5
66125db56116598e0daebb3b,Emp_97,Training_78,,pending,0,,,,3
66125db56116598e0daebb3c,Emp_145,Training_53,,in_progress,74,,,,3
66125db56116598e0daebb3d,Emp_5,Training_86,,completed,100,21.0,97.0,passed,3
66125db56116598e0daebb3e,Emp_64,Training_43,,in_progress,25,,,,4
66125db56116598e0daebb40,Emp_58,Training_20,,completed,100,38.0,48.0,failed,5
66125db56116598e0daebb41,Emp_178,Training_25,,pending,0,,,,1
66125db56116598e0daebb42,Emp_72,Training_92,,completed,100,15.0,9.0,failed,3
66125db56116598e0daebb43,Emp_5,Training_87,,pending,0,,,,3
66125db56116598e0daebb44,Emp_109,Training_43,,pending,0,,,,2
66125db56116598e0daebb45,Emp_134,Training_65,,completed,100,7.0,33.0,failed,5
66125db56116598e0daebb46,Emp_140,Training_43,,in_progress,90,,,,1
66125db56116598e0daebb47,Emp_106,Training_45,,pending,0,,,,3
66125db56116598e0daebb48,Emp_159,Training_65,,in_progress,83,,,,1
66125db56116598e0daebb49,Emp_158,Training_67,,pending,0,,,,1
66125db56116598e0daebb4a,Emp_15,Training_78,,in_progress,84,,,,4
66125db56116598e0daebb4b,Emp_53,Training_65,,pending,0,,,,3
66125db56116598e0daebb4c,Emp_38,Training_27,,pending,0,,,,1
66125db56116598e0daebb4d,Emp_199,Training_97,,in_progress,75,,,,1
66125db56116598e0daebb4e,Emp_150,Training_47,,pending,0,,,,3
66125db56116598e0daebb4f,Emp_81,Training_78,,completed,100,39.0,32.0,failed,2
66125db56116598e0daebb50,Emp_51,Training_74,,pending,0,,,,3
66125db56116598e0daebb51,Emp_170,Training_37,,in_progress,75,,,,3
66125db56116598e0daebb52,Emp_11,Training_47,,pending,0,,,,5
66125db56116598e0daebb53,Emp_90,Training_63,,completed,100,25.0,47.0,failed,2
66125db56116598e0daebb54,Emp_196,Training_43,,completed,100,41.0,34.0,failed,4
66125db56116598e0daebb55,Emp_80,Training_76,,pending,0,,,,2
66125db56116598e0daebb56,Emp_48,Training_28,,completed,100,37.0,3.0,failed,3
66125db56116598e0daebb57,Emp_65,Training_80,,in_progress,44,,,,5
66125db56116598e0daebb58,Emp_29,Training_52,,completed,100,38.0,95.0,passed,2
66125db56116598e0daebb59,Emp_54,Training_7,,completed,100,53.0,100.0,passed,1
66125db56116598e0daebb5a,Emp_67,Training_99,,in_progress,57,,,,1
66125db56116598e0daebb5b,Emp_109,Training_28,,in_progress,99,,,,4
66125db56116598e0daebb5c,Emp_115,Training_61,,completed,100,10.0,8.0,failed,4
66125db56116598e0daebb5d,Emp_4,Training_72,,pending,0,,,,2
66125db56116598e0daebb5e,Emp_1,Training_18,,pending,0,,,,5
66125db56116598e0daebb5f,Emp_119,Training_77,,pending,0,,,,1
66125db56116598e0daebb60,Emp_41,Training_66,,completed,100,41.0,74.0,passed,1
66125db56116598e0daebb61,Emp_4,Training_38,,in_progress,61,,,,2
66125db56116598e0daebb62,Emp_129,Training_69,,completed,100,43.0,21.0,failed,5
66125db56116598e0daebb63,Emp_4,Training_86,,completed,100,27.0,17.0,failed,5
66125db56116598e0daebb64,Emp_63,Training_23,,pending,0,,,,5
66125db56116598e0daebb65,Emp_19,Training_11,,in_progress,18,,,,3
66125db56116598e0daebb66,Emp_17,Training_58,,in_progress,31,,,,3
66125db56116598e0daebb67,Emp_81,Training_41,,completed,100,20.0,66.0,passed,2
66125db56116598e0daebb68,Emp_130,Training_55,,pending,0,,,,3
66125db56116598e0daebb69,Emp_194,Training_36,,pending,0,,,,2
66125db56116598e0daebb6a,Emp_195,Training_9,,in_progress,26,,,,1
66125db56116598e0daebb6b,Emp_106,Training_8,,in_progress,57,,,,1
66125db56116598e0daebb6c,Emp_3,Training_74,,in_progress,67,,,,3
66125db56116598e0daebb6d,Emp_155,Training_45,,in_progress,70,,,,1
66125db56116598e0daebb6e,Emp_178,Training_94,,in_progress,69,,,,1
66125db56116598e0daebb6f,Emp_138,Training_92,,completed,100,5.0,22.0,failed,1
66125db56116598e0daebb70,Emp_36,Training_17,,completed,100,24.0,54.0,passed,4
66125db56116598e0daebb71,Emp_56,Training_82,,pending,0,,,,2
66125db56116598e0daebb72,Emp_50,Training_90,,in_progress,2,,,,4
66125db56116598e0daebb73,Emp_180,Training_81,,completed,100,58.0,33.0,failed,2
66125db56116598e0daebb74,Emp_24,Training_55,,in_progress,44,,,,2
66125db56116598e0daebb75,Emp_15,Training_71,,in_progress,92,,,,2
66125db56116598e0daebb76,Emp_128,Training_84,,pending,0,,,,2
66125db56116598e0daebb77,Emp_56,Training_57,,in_progress,17,,,,2
66125db56116598e0daebb78,Emp_172,Training_84,,in_progress,65,,,,1
66125db56116598e0daebb79,Emp_71,Training_71,,completed,100,52.0,19.0,failed,5
66125db56116598e0daebb7a,Emp_76,Training_37,,pending,0,,,,3
66125db56116598e0daebb7b,Emp_114,Training_70,,in_progress,62,,,,3
66125db56116598e0daebb7c,Emp_153,Training_41,,pending,0,,,,5
66125db56116598e0daebb7d,Emp_172,Training_22,,pending,0,,,,2
66125db56116598e0daebb7e,Emp_200,Training_46,,pending,0,,,,5
66125db56116598e0daebb7f,Emp_63,Training_13,,pending,0,,,,4
66125db56116598e0daebb81,Emp_68,Training_18,,completed,100,8.0,57.0,passed,1
66125db56116598e0daebb82,Emp_66,Training_17,,completed,100,57.0,73.0,passed,5
66125db56116598e0daebb83,Emp_199,Training_7,,in_progress,5,,,,2
66125db56116598e0daebb84,Emp_43,Training_8,,in_progress,96,,,,5
66125db56116598e0daebb85,Emp_182,Training_36,,in_progress,77,,,,4
66125db56116598e0daebb86,Emp_174,Training_98,,completed,100,8.0,25.0,failed,5
66125db56116598e0daebb87,Emp_37,Training_10,,completed,100,47.0,67.0,passed,1
66125db56116598e0daebb88,Emp_159,Training_61,,pending,0,,,,2
66125db56116598e0daebb89,Emp_164,Training_36,,completed,100,45.0,18.0,failed,5
66125db56116598e0daebb8a,Emp_101,Training_20,,pending,0,,,,1
66125db56116598e0daebb8b,Emp_90,Training_3,,pending,0,,,,4
66125db56116598e0daebb8c,Emp_171,Training_31,,pending,0,,,,2
66125db56116598e0daebb8d,Emp_192,Training_99,,completed,100,22.0,34.0,failed,1
66125db56116598e0daebb8e,Emp_15,Training_97,,completed,100,45.0,75.0,passed,3
66125db56116598e0daebb8f,Emp_95,Training_10,,completed,100,34.0,37.0,failed,5
66125db56116598e0daebb90,Emp_133,Training_7,,in_progress,98,,,,1
66125db56116598e0daebb91,Emp_159,Training_97,,completed,100,60.0,0.0,failed,5
66125db56116598e0daebb92,Emp_24,Training_78,,completed,100,8.0,82.0,passed,1
66125db56116598e0daebb93,Emp_1,Training_6,,in_progress,61,,,,1
66125db56116598e0daebb94,Emp_55,Training_86,,completed,100,51.0,7.0,failed,4
66125db56116598e0daebb95,Emp_63,Training_1,,completed,100,19.0,44.0,failed,5
66125db56116598e0daebb96,Emp_166,Training_92,,pending,0,,,,4
66125db56116598e0daebb97,Emp_199,Training_5,,completed,100,23.0,10.0,failed,4
66125db56116598e0daebb98,Emp_149,Training_1,,pending,0,,,,3
66125db56116598e0daebb99,Emp_198,Training_19,,completed,100,50.0,2.0,failed,1
66125db56116598e0daebb9a,Emp_135,Training_40,,in_progress,60,,,,1
66125db56116598e0daebb9b,Emp_70,Training_63,,in_progress,54,,,,3
66125db56116598e0daebb9c,Emp_72,Training_90,,pending,0,,,,4
66125db56116598e0daebb9d,Emp_148,Training_21,,pending,0,,,,2
66125db56116598e0daebb9e,Emp_176,Training_1,,completed,100,57.0,53.0,passed,3
66125db56116598e0daebb9f,Emp_87,Training_1,,in_progress,2,,,,2
66125db56116598e0daebba0,Emp_128,Training_62,,pending,0,,,,5
66125db56116598e0daebba1,Emp_7,Training_23,,completed,100,47.0,92.0,passed,4
66125db56116598e0daebba2,Emp_143,Training_84,,pending,0,,,,1
66125db56116598e0daebba3,Emp_185,Training_98,,completed,100,28.0,39.0,failed,1
66125db56116598e0daebba4,Emp_12,Training_85,,completed,100,6.0,77.0,passed,2
66125db56116598e0daebba5,Emp_180,Training_6,,completed,100,45.0,81.0,passed,1
66125db56116598e0daebba6,Emp_41,Training_52,,in_progress,24,,,,1
66125db56116598e0daebba7,Emp_164,Training_28,,in_progress,60,,,,1
66125db56116598e0daebba8,Emp_37,Training_77,,pending,0,,,,3
66125db56116598e0daebba9,Emp_90,Training_72,,pending,0,,,,5
66125db56116598e0daebbaa,Emp_156,Training_97,,completed,100,16.0,67.0,passed,3
66125db56116598e0daebbab,Emp_58,Training_94,,pending,0,,,,1
66125db56116598e0daebbac,Emp_34,Training_19,,completed,100,27.0,60.0,passed,5
66125db56116598e0daebbad,Emp_40,Training_61,,in_progress,49,,,,2
66125db56116598e0daebbae,Emp_158,Training_34,,pending,0,,,,2
66125db56116598e0daebbaf,Emp_167,Training_58,,pending,0,,,,2
66125db56116598e0daebbb0,Emp_78,Training_44,,completed,100,57.0,61.0,passed,5
66125db56116598e0daebbb1,Emp_35,Training_49,,pending,0,,,,2
66125db56116598e0daebbb2,Emp_164,Training_8,,in_progress,43,,,,5
66125db56116598e0daebbb3,Emp_69,Training_75,,pending,0,,,,4
66125db56116598e0daebbb4,Emp_59,Training_4,,pending,0,,,,3
66125db56116598e0daebbb5,Emp_200,Training_67,,completed,100,18.0,17.0,failed,1
66125db56116598e0daebbb6,Emp_33,Training_7,,completed,100,21.0,98.0,passed,3
66125db56116598e0daebbb7,Emp_176,Training_36,,pending,0,,,,4
66125db56116598e0daebbb8,Emp_175,Training_42,,in_progress,98,,,,2
66125db56116598e0daebbb9,Emp_36,Training_95,,in_progress,72,,,,5
66125db56116598e0daebbba,Emp_104,Training_26,,in_progress,9,,,,5
66125db56116598e0daebbbb,Emp_88,Training_52,,completed,100,7.0,19.0,failed,4
66125db56116598e0daebbbc,Emp_122,Training_55,,pending,0,,,,5
66125db56116598e0daebbbd,Emp_166,Training_12,,in_progress,78,,,,1
66125db56116598e0daebbbe,Emp_147,Training_41,,in_progress,7,,,,2
66125db56116598e0daebbbf,Emp_1,Training_17,,pending,0,,,,1
66125db56116598e0daebbc0,Emp_43,Training_49,,in_progress,61,,,,4
66125db56116598e0daebbc2,Emp_24,Training_8,,completed,100,11.0,12.0,failed,5
66125db56116598e0daebbc3,Emp_28,Training_47,,completed,100,58.0,27.0,failed,1
66125db56116598e0daebbc4,Emp_140,Training_36,,pending,0,,,,3
66125db56116598e0daebbc5,Emp_99,Training_20,,in_progress,2,,,,4
66125db56116598e0daebbc6,Emp_5,Training_49,,completed,100,35.0,75.0,passed,3
66125db56116598e0daebbc7,Emp_12,Training_74,,completed,100,35.0,40.0,failed,5
66125db56116598e0daebbc8,Emp_121,Training_52,,in_progress,88,,,,3
66125db56116598e0daebbc9,Emp_108,Training_21,,completed,100,47.0,69.0,passed,4
66125db56116598e0daebbca,Emp_164,Training_97,,in_progress,74,,,,5
66125db56116598e0daebbcb,Emp_174,Training_38,,completed,100,13.0,96.0,passed,2
66125db56116598e0daebbcc,Emp_61,Training_76,,pending,0,,,,2
66125db56116598e0daebbcd,Emp_108,Training_9,,pending,0,,,,2
66125db56116598e0daebbce,Emp_125,Training_4,,pending,0,,,,5
66125db56116598e0daebbcf,Emp_194,Training_44,,completed,100,43.0,95.0,passed,3
66125db56116598e0daebbd0,Emp_195,Training_46,,in_progress,11,,,,2
66125db56116598e0daebbd1,Emp_171,Training_69,,pending,0,,,,1
66125db56116598e0daebbd2,Emp_165,Training_92,,in_progress,67,,,,5
66125db56116598e0daebbd3,Emp_179,Training_76,,pending,0,,,,3
66125db56116598e0daebbd4,Emp_113,Training_93,,in_progress,99,,,,3
66125db56116598e0daebbd5,Emp_31,Training_42,,in_progress,90,,,,4
66125db56116598e0daebbd6,Emp_68,Training_73,,completed,100,12.0,19.0,failed,4
66125db56116598e0daebbd7,Emp_37,Training_90,,pending,0,,,,4
66125db56116598e0daebbd8,Emp_158,Training_54,,in_progress,71,,,,2
66125db56116598e0daebbd9,Emp_56,Training_20,,in_progress,71,,,,2
66125db56116598e0daebbda,Emp_120,Training_77,,pending,0,,,,2
66125db56116598e0daebbdb,Emp_113,Training_12,,in_progress,40,,,,5
66125db56116598e0daebbdc,Emp_172,Training_80,,in_progress,75,,,,1
66125db56116598e0daebbdd,Emp_123,Training_30,,in_progress,28,,,,4
66125db56116598e0daebbde,Emp_34,Training_82,,completed,100,8.0,88.0,passed,5
66125db56116598e0daebbdf,Emp_32,Training_73,,completed,100,25.0,23.0,failed,5
66125db56116598e0daebbe0,Emp_146,Training_37,,pending,0,,,,4
66125db56116598e0daebbe1,Emp_173,Training_53,,completed,100,14.0,97.0,passed,3
66125db56116598e0daebbe2,Emp_170,Training_56,,in_progress,82,,,,4
66125db56116598e0daebbe3,Emp_17,Training_98,,in_progress,75,,,,2
66125db56116598e0daebbe4,Emp_176,Training_17,,completed,100,43.0,85.0,passed,4
66125db56116598e0daebbe5,Emp_68,Training_90,,pending,0,,,,5
66125db56116598e0daebbe6,Emp_97,Training_21,,pending,0,,,,4
66125db56116598e0daebbe7,Emp_113,Training_72,,in_progress,45,,,,5
66125db56116598e0daebbe8,Emp_5,Training_45,,in_progress,65,,,,3
66125db56116598e0daebbe9,Emp_99,Training_3,,pending,0,,,,2
66125db56116598e0daebbea,Emp_141,Training_70,,in_progress,21,,,,4
66125db56116598e0daebbeb,Emp_73,Training_10,,in_progress,2,,,,1
66125db56116598e0daebbec,Emp_98,Training_94,,pending,0,,,,4
66125db56116598e0daebbed,Emp_48,Training_37,,in_progress,76,,,,2
66125db56116598e0daebbee,Emp_173,Training_90,,pending,0,,,,3
66125db56116598e0daebbef,Emp_31,Training_7,,pending,0,,,,2
66125db56116598e0daebbf0,Emp_94,Training_19,,completed,100,37.0,38.0,failed,5
66125db56116598e0daebbf1,Emp_60,Training_1,,pending,0,,,,3
66125db56116598e0daebbf2,Emp_30,Training_2,,pending,0,,,,4
66125db56116598e0daebbf3,Emp_15,Training_44,,pending,0,,,,2
66125db56116598e0daebbf4,Emp_161,Training_6,,in_progress,93,,,,5
66125db56116598e0daebbf5,Emp_124,Training_42,,pending,0,,,,5
66125db56116598e0daebbf6,Emp_43,Training_1,,pending,0,,,,1
66125db56116598e0daebbf7,Emp_100,Training_94,,pending,0,,,,3
66125db56116598e0daebbf8,Emp_55,Training_55,,completed,100,44.0,24.0,failed,1
66125db56116598e0daebbf9,Emp_57,Training_43,,completed,100,51.0,73.0,passed,4
66125db56116598e0daebbfa,Emp_82,Training_54,,completed,100,22.0,76.0,passed,5
66125db56116598e0daebbfb,Emp_117,Training_42,,pending,0,,,,1
66125db56116598e0daebbfc,Emp_100,Training_76,,pending,0,,,,1
66125db56116598e0daebbfd,Emp_38,Training_10,,completed,100,48.0,25.0,failed,1
66125db56116598e0daebbfe,Emp_107,Training_52,,completed,100,9.0,55.0,passed,4
66125db56116598e0daebbff,Emp_123,Training_63,,pending,0,,,,5
66125db56116598e0daebc00,Emp_175,Training_92,,completed,100,13.0,11.0,failed,3
66125db56116598e0daebc01,Emp_153,Training_91,,in_progress,10,,,,4
66125db56116598e0daebc04,Emp_130,Training_59,,pending,0,,,,2
66125db56116598e0daebc05,Emp_189,Training_93,,pending,0,,,,4
66125db56116598e0daebc06,Emp_173,Training_39,,in_progress,46,,,,2
66125db56116598e0daebc07,Emp_50,Training_34,,pending,0,,,,2
66125db56116598e0daebc08,Emp_1,Training_39,,pending,0,,,,5
66125db56116598e0daebc09,Emp_105,Training_59,,completed,100,3.0,5.0,failed,1
66125db56116598e0daebc0a,Emp_83,Training_58,,in_progress,82,,,,3
66125db56116598e0daebc0b,Emp_66,Training_90,,completed,100,36.0,37.0,failed,4
66125db56116598e0daebc0c,Emp_32,Training_75,,in_progress,64,,,,2
66125db56116598e0daebc0d,Emp_41,Training_50,,completed,100,38.0,60.0,passed,4
66125db56116598e0daebc0e,Emp_145,Training_16,,completed,100,49.0,62.0,passed,3
66125db56116598e0daebc0f,Emp_149,Training_30,,pending,0,,,,1
66125db56116598e0daebc10,Emp_77,Training_86,,in_progress,87,,,,5
66125db56116598e0daebc11,Emp_153,Training_75,,pending,0,,,,5
66125db56116598e0daebc12,Emp_91,Training_26,,pending,0,,,,3
66125db56116598e0daebc13,Emp_67,Training_28,,in_progress,64,,,,3
66125db56116598e0daebc14,Emp_165,Training_60,,completed,100,4.0,51.0,passed,1
66125db56116598e0daebc15,Emp_128,Training_8,,pending,0,,,,3
66125db56116598e0daebc16,Emp_137,Training_85,,completed,100,28.0,93.0,passed,5
66125db56116598e0daebc17,Emp_65,Training_10,,pending,0,,,,1
66125db56116598e0daebc18,Emp_175,Training_86,,in_progress,59,,,,3
66125db56116598e0daebc19,Emp_144,Training_48,,completed,100,14.0,45.0,failed,5
66125db56116598e0daebc1a,Emp_76,Training_92,,completed,100,13.0,97.0,passed,2
66125db56116598e0daebc1b,Emp_69,Training_96,,in_progress,8,,,,4
66125db56116598e0daebc1c,Emp_140,Training_26,,completed,100,35.0,23.0,failed,1
66125db56116598e0daebc1d,Emp_139,Training_95,,in_progress,18,,,,2
66125db56116598e0daebc1e,Emp_1,Training_21,,pending,0,,,,5
66125db56116598e0daebc1f,Emp_137,Training_30,,pending,0,,,,3
66125db56116598e0daebc20,Emp_15,Training_67,,completed,100,45.0,36.0,failed,5
66125db56116598e0daebc21,Emp_147,Training_23,,pending,0,,,,4
66125db56116598e0daebc22,Emp_195,Training_58,,pending,0,,,,4
66125db56116598e0daebc23,Emp_7,Training_92,,pending,0,,,,1
66125db56116598e0daebc24,Emp_61,Training_32,,in_progress,28,,,,5
66125db56116598e0daebc25,Emp_92,Training_47,,completed,100,59.0,56.0,passed,1
66125db56116598e0daebc26,Emp_151,Training_76,,completed,100,8.0,41.0,failed,3
66125db56116598e0daebc27,Emp_164,Training_65,,pending,0,,,,5
66125db56116598e0daebc28,Emp_39,Training_67,,pending,0,,,,4
66125db56116598e0daebc29,Emp_26,Training_33,,completed,100,44.0,66.0,passed,2
66125db56116598e0daebc2a,Emp_77,Training_81,,pending,0,,,,2
66125db56116598e0daebc2b,Emp_51,Training_79,,pending,0,,,,3
66125db56116598e0daebc2c,Emp_7,Training_44,,completed,100,43.0,67.0,passed,2
66125db56116598e0daebc2d,Emp_198,Training_92,,pending,0,,,,5
66125db56116598e0daebc2e,Emp_192,Training_21,,pending,0,,,,2
66125db56116598e0daebc2f,Emp_102,Training_64,,completed,100,39.0,17.0,failed,5
66125db56116598e0daebc30,Emp_79,Training_96,,pending,0,,,,5
66125db56116598e0daebc31,Emp_38,Training_57,,in_progress,29,,,,2
66125db56116598e0daebc32,Emp_196,Training_83,,in_progress,53,,,,3
66125db56116598e0daebc33,Emp_184,Training_50,,completed,100,29.0,58.0,passed,4
66125db56116598e0daebc34,Emp_164,Training_51,,completed,100,38.0,71.0,passed,4
66125db56116598e0daebc35,Emp_8,Training_38,,completed,100,47.0,9.0,failed,4
66125db56116598e0daebc36,Emp_21,Training_26,,pending,0,,,,5
66125db56116598e0daebc37,Emp_78,Training_45,,completed,100,49.0,23.0,failed,4
66125db56116598e0daebc38,Emp_142,Training_77,,pending,0,,,,1
66125db56116598e0daebc39,Emp_181,Training_28,,pending,0,,,,4
66125db56116598e0daebc3a,Emp_69,Training_2,,in_progress,12,,,,2
66125db56116598e0daebc3b,Emp_150,Training_26,,completed,100,8.0,13.0,failed,5
66125db56116598e0daebc3c,Emp_87,Training_5,,completed,100,21.0,83.0,passed,2
66125db56116598e0daebc3d,Emp_127,Training_29,,completed,100,36.0,54.0,passed,2
66125db56116598e0daebc3e,Emp_190,Training_11,,in_progress,44,,,,2
66125db56116598e0daebc3f,Emp_195,Training_76,,completed,100,27.0,66.0,passed,4
66125db56116598e0daebc40,Emp_35,Training_83,,completed,100,28.0,12.0,failed,2
66125db56116598e0daebc41,Emp_60,Training_15,,completed,100,12.0,89.0,passed,3
66125db56116598e0daebc42,Emp_130,Training_95,,pending,0,,,,3
66125db56116598e0daebc43,Emp_169,Training_97,,pending,0,,,,2
66125db56116598e0daebc44,Emp_22,Training_86,,completed,100,52.0,60.0,passed,5
66125db56116598e0daebc45,Emp_153,Training_56,,completed,100,55.0,23.0,failed,4
66125db56116598e0daebc46,Emp_132,Training_59,,in_progress,45,,,,3
66125db56116598e0daebc47,Emp_12,Training_55,,completed,100,3.0,20.0,failed,5
66125db56116598e0daebc48,Emp_2,Training_76,,in_progress,67,,,,5
66125db56116598e0daebc49,Emp_12,Training_83,,in_progress,34,,,,4
66125db56116598e0daebc4a,Emp_183,Training_21,,pending,0,,,,4
66125db56116598e0daebc4b,Emp_73,Training_68,,completed,100,35.0,46.0,failed,3
66125db56116598e0daebc4c,Emp_74,Training_66,,completed,100,20.0,36.0,failed,1
66125db56116598e0daebc4d,Emp_68,Training_85,,pending,0,,,,1
66125db56116598e0daebc4e,Emp_31,Training_10,,pending,0,,,,2
66125db56116598e0daebc4f,Emp_107,Training_100,,in_progress,26,,,,1
66125db56116598e0daebc50,Emp_79,Training_44,,pending,0,,,,1
66125db56116598e0daebc51,Emp_101,Training_65,,pending,0,,,,3
66125db56116598e0daebc52,Emp_55,Training_57,,completed,100,50.0,1.0,failed,3
66125db56116598e0daebc53,Emp_163,Training_97,,in_progress,58,,,,5
66125db56116598e0daebc54,Emp_75,Training_81,,in_progress,20,,,,1
66125db56116598e0daebc55,Emp_6,Training_63,,in_progress,63,,,,2
66125db56116598e0daebc56,Emp_139,Training_38,,in_progress,56,,,,1
66125db56116598e0daebc57,Emp_81,Training_42,,completed,100,48.0,39.0,failed,2
66125db56116598e0daebc58,Emp_78,Training_4,,completed,100,39.0,10.0,failed,5
66125db56116598e0daebc59,Emp_139,Training_75,,pending,0,,,,4
66125db56116598e0daebc5a,Emp_29,Training_78,,in_progress,69,,,,2
66125db56116598e0daebc5b,Emp_95,Training_86,,pending,0,,,,4
66125db56116598e0daebc5c,Emp_194,Training_16,,pending,0,,,,1
66125db56116598e0daebc5d,Emp_179,Training_66,,pending,0,,,,2
66125db56116598e0daebc5e,Emp_30,Training_63,,completed,100,13.0,85.0,passed,4
66125db56116598e0daebc5f,Emp_194,Training_35,,completed,100,10.0,97.0,passed,5
66125db56116598e0daebc60,Emp_108,Training_42,,completed,100,2.0,2.0,failed,4
66125db56116598e0daebc61,Emp_180,Training_59,,completed,100,44.0,19.0,failed,2
66125db56116598e0daebc62,Emp_168,Training_41,,completed,100,41.0,63.0,passed,2
66125db56116598e0daebc63,Emp_37,Training_42,,pending,0,,,,2
66125db56116598e0daebc64,Emp_143,Training_21,,in_progress,1,,,,2
66125db56116598e0daebc65,Emp_13,Training_6,,pending,0,,,,3
66125db56116598e0daebc66,Emp_181,Training_62,,pending,0,,,,5
66125db56116598e0daebc67,Emp_141,Training_33,,in_progress,6,,,,5
66125db56116598e0daebc68,Emp_38,Training_83,,in_progress,55,,,,2
66125db56116598e0daebc69,Emp_48,Training_57,,pending,0,,,,5
66125db56116598e0daebc6a,Emp_135,Training_28,,in_progress,82,,,,3
66125db56116598e0daebc6b,Emp_97,Training_13,,in_progress,58,,,,2
66125db56116598e0daebc6c,Emp_128,Training_77,,pending,0,,,,3
66125db56116598e0daebc6d,Emp_16,Training_89,,pending,0,,,,4
66125db56116598e0daebc6e,Emp_71,Training_74,,in_progress,59,,,,3
66125db56116598e0daebc6f,Emp_102,Training_48,,completed,100,12.0,76.0,passed,1
66125db56116598e0daebc70,Emp_139,Training_12,,in_progress,2,,,,1
66125db56116598e0daebc71,Emp_129,Training_75,,pending,0,,,,4
66125db56116598e0daebc72,Emp_150,Training_86,,in_progress,73,,,,4
66125db56116598e0daebc73,Emp_194,Training_88,,completed,100,44.0,57.0,passed,3
66125db56116598e0daebc74,Emp_34,Training_57,,in_progress,73,,,,1
66125db56116598e0daebc75,Emp_115,Training_69,,completed,100,28.0,61.0,passed,4
66125db56116598e0daebc76,Emp_138,Training_31,,completed,100,35.0,5.0,failed,3
66125db56116598e0daebc77,Emp_158,Training_66,,in_progress,84,,,,2
66125db56116598e0daebc78,Emp_135,Training_62,,pending,0,,,,4
66125db56116598e0daebc79,Emp_62,Training_34,,completed,100,43.0,87.0,passed,5
66125db56116598e0daebc7a,Emp_173,Training_25,,in_progress,94,,,,1
66125db56116598e0daebc7b,Emp_136,Training_76,,in_progress,89,,,,3
66125db56116598e0daebc7c,Emp_139,Training_21,,completed,100,9.0,28.0,failed,4
66125db56116598e0daebc7d,Emp_147,Training_72,,pending,0,,,,1
66125db56116598e0daebc7e,Emp_21,Training_24,,pending,0,,,,1
66125db56116598e0daebc7f,Emp_67,Training_98,,pending,0,,,,3
66125db56116598e0daebc80,Emp_11,Training_39,,pending,0,,,,3
66125db56116598e0daebc81,Emp_33,Training_31,,in_progress,61,,,,5
66125db56116598e0daebc82,Emp_199,Training_24,,in_progress,92,,,,5
66125db56116598e0daebc83,Emp_99,Training_33,,pending,0,,,,1
66125db56116598e0daebc86,Emp_140,Training_93,,in_progress,84,,,,1
66125db56116598e0daebc87,Emp_114,Training_25,,in_progress,68,,,,2
66125db56116598e0daebc88,Emp_77,Training_24,,in_progress,96,,,,1
66125db56116598e0daebc89,Emp_134,Training_87,,in_progress,52,,,,1
66125db56116598e0daebc8a,Emp_9,Training_36,,pending,0,,,,2
66125db56116598e0daebc8b,Emp_199,Training_44,,completed,100,55.0,37.0,failed,4
66125db56116598e0daebc8c,Emp_25,Training_43,,pending,0,,,,1
66125db56116598e0daebc8d,Emp_88,Training_84,,pending,0,,,,1
66125db56116598e0daebc8e,Emp_59,Training_31,,pending,0,,,,1
66125db56116598e0daebc8f,Emp_61,Training_60,,pending,0,,,,4
66125db56116598e0daebc90,Emp_168,Training_32,,pending,0,,,,1
66125db56116598e0daebc91,Emp_122,Training_68,,in_progress,18,,,,1
66125db56116598e0daebc92,Emp_186,Training_26,,completed,100,38.0,41.0,failed,1
66125db56116598e0daebc93,Emp_4,Training_79,,pending,0,,,,1
66125db56116598e0daebc94,Emp_116,Training_29,,pending,0,,,,2
66125db56116598e0daebc95,Emp_141,Training_9,,in_progress,23,,,,1
66125db56116598e0daebc96,Emp_168,Training_46,,completed,100,44.0,55.0,passed,2
66125db56116598e0daebc97,Emp_12,Training_41,,pending,0,,,,5
66125db56116598e0daebc98,Emp_39,Training_30,,completed,100,16.0,12.0,failed,1
66125db56116598e0daebc99,Emp_79,Training_84,,in_progress,34,,,,1
66125db56116598e0daebc9a,Emp_6,Training_48,,completed,100,25.0,43.0,failed,4
66125db56116598e0daebc9b,Emp_130,Training_17,,completed,100,28.0,77.0,passed,4
66125db56116598e0daebc9c,Emp_128,Training_50,,in_progress,73,,,,2
66125db56116598e0daebc9d,Emp_138,Training_28,,pending,0,,,,2
66125db56116598e0daebc9e,Emp_54,Training_5,,pending,0,,,,2
66125db56116598e0daebc9f,Emp_169,Training_50,,in_progress,74,,,,5
66125db56116598e0daebca0,Emp_54,Training_80,,completed,100,43.0,51.0,passed,2
66125db56116598e0daebca1,Emp_22,Training_11,,in_progress,5,,,,2
66125db56116598e0daebca2,Emp_141,Training_50,,pending,0,,,,2
66125db56116598e0daebca3,Emp_70,Training_11,,completed,100,14.0,50.0,passed,2
66125db56116598e0daebca4,Emp_110,Training_32,,pending,0,,,,2
66125db56116598e0daebca5,Emp_82,Training_45,,pending,0,,,,1
66125db56116598e0daebca6,Emp_51,Training_15,,pending,0,,,,1
66125db56116598e0daebca7,Emp_78,Training_51,,in_progress,46,,,,1
66125db56116598e0daebca8,Emp_46,Training_9,,in_progress,78,,,,2
66125db56116598e0daebca9,Emp_106,Training_27,,in_progress,46,,,,3
66125db56116598e0daebcaa,Emp_100,Training_67,,pending,0,,,,2
66125db56116598e0daebcab,Emp_114,Training_45,,in_progress,33,,,,4
66125db56116598e0daebcac,Emp_197,Training_93,,in_progress,73,,,,3
66125db56116598e0daebcad,Emp_135,Training_61,,completed,100,24.0,64.0,passed,4
66125db56116598e0daebcae,Emp_11,Training_21,,in_progress,36,,,,5
66125db56116598e0daebcaf,Emp_81,Training_49,,completed,100,55.0,55.0,passed,5
66125db56116598e0daebcb0,Emp_188,Training_64,,in_progress,7,,,,5
66125db56116598e0daebcb1,Emp_83,Training_59,,completed,100,60.0,63.0,passed,3
66125db56116598e0daebcb2,Emp_167,Training_47,,pending,0,,,,3
66125db56116598e0daebcb3,Emp_144,Training_8,,pending,0,,,,5
66125db56116598e0daebcb4,Emp_69,Training_16,,in_progress,67,,,,2
66125db56116598e0daebcb5,Emp_166,Training_61,,in_progress,28,,,,2
66125db56116598e0daebcb6,Emp_192,Training_40,,pending,0,,,,4
66125db56116598e0daebcb7,Emp_117,Training_13,,in_progress,42,,,,5
66125db56116598e0daebcb8,Emp_197,Training_24,,completed,100,15.0,10.0,failed,2
66125db56116598e0daebcb9,Emp_124,Training_94,,pending,0,,,,4
66125db56116598e0daebcba,Emp_166,Training_11,,pending,0,,,,1
66125db56116598e0daebcbb,Emp_5,Training_88,,in_progress,21,,,,5
66125db56116598e0daebcbc,Emp_139,Training_22,,pending,0,,,,5
66125db56116598e0daebcbd,Emp_113,Training_81,,completed,100,46.0,51.0,passed,2
66125db56116598e0daebcbe,Emp_82,Training_38,,pending,0,,,,1
66125db56116598e0daebcbf,Emp_191,Training_44,,in_progress,79,,,,1
66125db56116598e0daebcc0,Emp_107,Training_88,,completed,100,23.0,26.0,failed,1
66125db56116598e0daebcc1,Emp_11,Training_28,,pending,0,,,,2
66125db56116598e0daebcc2,Emp_71,Training_70,,completed,100,11.0,97.0,passed,4
66125db56116598e0daebcc3,Emp_12,Training_25,,in_progress,29,,,,1
66125db56116598e0daebcc4,Emp_66,Training_67,,in_progress,81,,,,4
66125db56116598e0daebcc5,Emp_12,Training_74,,pending,0,,,,1
66125db56116598e0daebcc6,Emp_50,Training_54,,in_progress,50,,,,2
66125db56116598e0daebcc7,Emp_183,Training_44,,completed,100,1.0,38.0,failed,5
66125db56116598e0daebcc8,Emp_134,Training_75,,in_progress,13,,,,1
66125db56116598e0daebcc9,Emp_191,Training_73,,completed,100,29.0,60.0,passed,2
66125db56116598e0daebcca,Emp_182,Training_73,,in_progress,89,,,,4
66125db56116598e0daebccb,Emp_79,Training_58,,completed,100,21.0,65.0,passed,5
66125db56116598e0daebccc,Emp_98,Training_68,,pending,0,,,,3
66125db56116598e0daebccd,Emp_24,Training_59,,completed,100,24.0,66.0,passed,2
66125db56116598e0daebcce,Emp_14,Training_77,,in_progress,100,,,,2
66125db56116598e0daebccf,Emp_65,Training_4,,in_progress,82,,,,3
66125db56116598e0daebcd0,Emp_29,Training_64,,pending,0,,,,5
66125db56116598e0daebcd1,Emp_162,Training_89,,pending,0,,,,3
66125db56116598e0daebcd2,Emp_168,Training_68,,completed,100,6.0,53.0,passed,5
66125db56116598e0daebcd3,Emp_148,Training_23,,completed,100,60.0,18.0,failed,2
66125db56116598e0daebcd4,Emp_94,Training_34,,completed,100,13.0,0.0,failed,5
66125db56116598e0daebcd5,Emp_128,Training_56,,completed,100,2.0,15.0,failed,2
66125db56116598e0daebcd6,Emp_170,Training_14,,pending,0,,,,4
66125db56116598e0daebcd7,Emp_157,Training_83,,completed,100,25.0,27.0,failed,4
66125db56116598e0daebcd8,Emp_145,Training_23,,in_progress,36,,,,3
66125db56116598e0daebcd9,Emp_85,Training_56,,in_progress,45,,,,2
66125db56116598e0daebcda,Emp_178,Training_88,,pending,0,,,,5
66125db56116598e0daebcdb,Emp_92,Training_21,,pending,0,,,,1
66125db56116598e0daebcdc,Emp_28,Training_75,,in_progress,77,,,,2
66125db56116598e0daebcdd,Emp_147,Training_50,,pending,0,,,,2
66125db56116598e0daebcde,Emp_24,Training_79,,completed,100,32.0,15.0,failed,4
66125db56116598e0daebcdf,Emp_6,Training_39,,completed,100,58.0,5.0,failed,4
66125db56116598e0daebce0,Emp_35,Training_1,,in_progress,90,,,,3
66125db56116598e0daebce1,Emp_21,Training_45,,pending,0,,,,4
66125db56116598e0daebce2,Emp_163,Training_6,,in_progress,18,,,,5
66125db56116598e0daebce3,Emp_170,Training_70,,completed,100,20.0,55.0,passed,2
66125db56116598e0daebce4,Emp_160,Training_88,,pending,0,,,,3
66125db56116598e0daebce5,Emp_99,Training_85,,completed,100,7.0,11.0,failed,5
66125db56116598e0daebce6,Emp_67,Training_13,,completed,100,16.0,100.0,passed,5
66125db56116598e0daebce7,Emp_29,Training_82,,in_progress,57,,,,2
66125db56116598e0daebce8,Emp_117,Training_14,,in_progress,95,,,,5
66125db56116598e0daebce9,Emp_62,Training_16,,in_progress,46,,,,5
66125db56116598e0daebcea,Emp_92,Training_85,,in_progress,0,,,,2
66125db56116598e0daebceb,Emp_28,Training_63,,completed,100,26.0,68.0,passed,5
66125db56116598e0daebcec,Emp_172,Training_15,,completed,100,59.0,39.0,failed,3
66125db56116598e0daebced,Emp_81,Training_67,,pending,0,,,,4
66125db56116598e0daebcee,Emp_171,Training_25,,in_progress,75,,,,1
66125db56116598e0daebcef,Emp_184,Training_43,,pending,0,,,,3
66125db56116598e0daebcf0,Emp_42,Training_87,,pending,0,,,,3
66125db56116598e0daebcf1,Emp_125,Training_51,,in_progress,13,,,,2
66125db56116598e0daebcf2,Emp_84,Training_97,,completed,100,55.0,40.0,failed,1
66125db56116598e0daebcf3,Emp_23,Training_32,,completed,100,39.0,45.0,failed,3
66125db56116598e0daebcf4,Emp_76,Training_69,,in_progress,90,,,,2
66125db56116598e0daebcf5,Emp_119,Training_75,,completed,100,16.0,14.0,failed,4
66125db56116598e0daebcf6,Emp_129,Training_1,,in_progress,18,,,,1
66125db56116598e0daebcf7,Emp_75,Training_80,,pending,0,,,,2
66125db56116598e0daebcf8,Emp_74,Training_16,,in_progress,7,,,,2
66125db56116598e0daebcf9,Emp_91,Training_9,,pending,0,,,,5
66125db56116598e0daebcfa,Emp_181,Training_91,,pending,0,,,,3
66125db56116598e0daebcfb,Emp_155,Training_3,,completed,100,4.0,8.0,failed,1
66125db56116598e0daebcfc,Emp_120,Training_83,,in_progress,18,,,,5
66125db56116598e0daebcfd,Emp_142,Training_5,,completed,100,3.0,51.0,passed,1
66125db56116598e0daebcfe,Emp_57,Training_71,,completed,100,59.0,12.0,failed,4
66125db56116598e0daebcff,Emp_31,Training_86,,completed,100,20.0,71.0,passed,5
66125db56116598e0daebd00,Emp_85,Training_27,,completed,100,5.0,66.0,passed,1
66125db56116598e0daebd01,Emp_92,Training_99,,pending,0,,,,5
66125db56116598e0daebd02,Emp_174,Training_14,,completed,100,36.0,37.0,failed,5
66125db56116598e0daebd03,Emp_27,Training_94,,completed,100,45.0,81.0,passed,3
66125db56116598e0daebd04,Emp_118,Training_92,,in_progress,57,,,,1
66125db56116598e0daebd05,Emp_46,Training_56,,completed,100,42.0,8.0,failed,2
66125db56116598e0daebd0a,Emp_133,Training_100,,completed,100,12.0,97.0,passed,4
66125db56116598e0daebd0b,Emp_126,Training_21,,pending,0,,,,5
66125db56116598e0daebd0c,Emp_123,Training_14,,completed,100,31.0,71.0,passed,1
66125db56116598e0daebd0d,Emp_189,Training_51,,pending,0,,,,3
66125db56116598e0daebd0e,Emp_98,Training_64,,in_progress,52,,,,5
66125db56116598e0daebd0f,Emp_107,Training_77,,in_progress,29,,,,4
66125db56116598e0daebd10,Emp_150,Training_68,,in_progress,18,,,,1
66125db56116598e0daebd11,Emp_169,Training_97,,completed,100,32.0,7.0,failed,4
66125db56116598e0daebd12,Emp_107,Training_46,,in_progress,5,,,,5
66125db56116598e0daebd13,Emp_153,Training_20,,completed,100,59.0,80.0,passed,4
66125db56116598e0daebd14,Emp_170,Training_21,,completed,100,4.0,65.0,passed,1
66125db56116598e0daebd15,Emp_25,Training_90,,completed,100,23.0,17.0,failed,4
66125db56116598e0daebd16,Emp_179,Training_19,,completed,100,24.0,82.0,passed,1
66125db56116598e0daebd17,Emp_40,Training_48,,completed,100,3.0,25.0,failed,3
66125db56116598e0daebd18,Emp_188,Training_33,,completed,100,53.0,14.0,failed,1
66125db56116598e0daebd19,Emp_162,Training_41,,completed,100,27.0,82.0,passed,2
66125db56116598e0daebd1a,Emp_127,Training_96,,in_progress,72,,,,5
66125db56116598e0daebd1b,Emp_70,Training_43,,completed,100,11.0,75.0,passed,5
66125db56116598e0daebd1c,Emp_29,Training_36,,completed,100,26.0,23.0,failed,1
66125db56116598e0daebd1d,Emp_170,Training_25,,pending,0,,,,2
66125db56116598e0daebd1e,Emp_140,Training_5,,completed,100,24.0,29.0,failed,2
66125db56116598e0daebd1f,Emp_31,Training_8,,pending,0,,,,3
66125db56116598e0daebd20,Emp_157,Training_23,,completed,100,41.0,9.0,failed,2
66125db56116598e0daebd21,Emp_174,Training_90,,in_progress,36,,,,3
66125db56116598e0daebd22,Emp_78,Training_5,,in_progress,96,,,,4
66125db56116598e0daebd23,Emp_4,Training_70,,completed,100,23.0,51.0,passed,1
66125db56116598e0daebd24,Emp_150,Training_70,,pending,0,,,,1
66125db56116598e0daebd25,Emp_62,Training_86,,pending,0,,,,1
66125db56116598e0daebd26,Emp_176,Training_88,,in_progress,82,,,,4
66125db56116598e0daebd27,Emp_54,Training_65,,pending,0,,,,3
66125db56116598e0daebd28,Emp_10,Training_36,,in_progress,73,,,,3
66125db56116598e0daebd29,Emp_180,Training_25,,completed,100,24.0,99.0,passed,4
66125db56116598e0daebd2a,Emp_63,Training_38,,completed,100,5.0,88.0,passed,2
66125db56116598e0daebd2b,Emp_171,Training_89,,in_progress,36,,,,4
66125db56116598e0daebd2c,Emp_34,Training_98,,in_progress,4,,,,4
66125db56116598e0daebd2d,Emp_54,Training_43,,completed,100,11.0,100.0,passed,3
66125db56116598e0daebd2e,Emp_77,Training_6,,in_progress,41,,,,5
66125db56116598e0daebd2f,Emp_155,Training_48,,in_progress,84,,,,5
66125db56116598e0daebd30,Emp_160,Training_11,,in_progress,1,,,,4
66125db56116598e0daebd31,Emp_101,Training_42,,completed,100,13.0,76.0,passed,2
66125db56116598e0daebd32,Emp_63,Training_87,,pending,0,,,,5
66125db56116598e0daebd33,Emp_192,Training_86,,completed,100,15.0,35.0,failed,2
66125db56116598e0daebd34,Emp_121,Training_63,,completed,100,39.0,59.0,passed,5
66125db56116598e0daebd35,Emp_24,Training_21,,pending,0,,,,2
66125db56116598e0daebd36,Emp_165,Training_49,,completed,100,58.0,23.0,failed,4
66125db56116598e0daebd37,Emp_52,Training_42,,pending,0,,,,5
66125db56116598e0daebd38,Emp_32,Training_79,,in_progress,63,,,,4
66125db56116598e0daebd39,Emp_135,Training_70,,pending,0,,,,3
66125db56116598e0daebd3a,Emp_4,Training_77,,in_progress,81,,,,2
66125db56116598e0daebd3b,Emp_26,Training_98,,in_progress,76,,,,5
66125db56116598e0daebd3c,Emp_90,Training_29,,pending,0,,,,4
66125db56116598e0daebd3d,Emp_53,Training_32,,in_progress,8,,,,1
66125db56116598e0daebd3e,Emp_149,Training_4,,in_progress,96,,,,3
66125db56116598e0daebd3f,Emp_197,Training_91,,in_progress,36,,,,5
66125db56116598e0daebd40,Emp_163,Training_3,,completed,100,20.0,59.0,passed,2
66125db56116598e0daebd41,Emp_94,Training_22,,completed,100,35.0,20.0,failed,3
66125db56116598e0daebd42,Emp_79,Training_89,,pending,0,,,,1
66125db56116598e0daebd43,Emp_51,Training_37,,pending,0,,,,3
66125db56116598e0daebd44,Emp_87,Training_93,,completed,100,10.0,69.0,passed,2
66125db56116598e0daebd45,Emp_56,Training_12,,completed,100,7.0,6.0,failed,5
66125db56116598e0daebd46,Emp_82,Training_51,,in_progress,14,,,,5
66125db56116598e0daebd47,Emp_65,Training_49,,completed,100,35.0,51.0,passed,4
66125db56116598e0daebd48,Emp_7,Training_99,,completed,100,49.0,32.0,failed,1
66125db56116598e0daebd49,Emp_28,Training_16,,completed,100,2.0,11.0,failed,5
66125db56116598e0daebd4c,Emp_37,Training_27,,in_progress,94,,,,4
66125db56116598e0daebd4d,Emp_104,Training_32,,pending,0,,,,5
66125db56116598e0daebd4e,Emp_103,Training_31,,in_progress,94,,,,1
66125db56116598e0daebd4f,Emp_129,Training_8,,pending,0,,,,1
66125db56116598e0daebd50,Emp_97,Training_92,,pending,0,,,,1
66125db56116598e0daebd51,Emp_69,Training_3,,in_progress,89,,,,5
66125db56116598e0daebd52,Emp_79,Training_6,,completed,100,27.0,67.0,passed,5
66125db56116598e0daebd53,Emp_8,Training_33,,pending,0,,,,5
66125db56116598e0daebd54,Emp_39,Training_57,,pending,0,,,,5
66125db56116598e0daebd55,Emp_153,Training_28,,in_progress,57,,,,4
66125db56116598e0daebd56,Emp_152,Training_67,,in_progress,58,,,,1
66125db56116598e0daebd57,Emp_14,Training_65,,completed,100,38.0,56.0,passed,1
66125db56116598e0daebd58,Emp_15,Training_9,,in_progress,20,,,,2
66125db56116598e0daebd59,Emp_77,Training_62,,in_progress,35,,,,5
66125db56116598e0daebd5a,Emp_196,Training_25,,pending,0,,,,1
66125db56116598e0daebd5b,Emp_172,Training_2,,completed,100,33.0,78.0,passed,3
66125db56116598e0daebd5c,Emp_184,Training_25,,in_progress,79,,,,2
66125db56116598e0daebd5d,Emp_190,Training_65,,completed,100,35.0,63.0,passed,4
66125db56116598e0daebd5e,Emp_98,Training_88,,completed,100,48.0,27.0,failed,1
66125db56116598e0daebd5f,Emp_148,Training_18,,pending,0,,,,5
66125db56116598e0daebd60,Emp_93,Training_81,,in_progress,76,,,,4
66125db56116598e0daebd61,Emp_50,Training_16,,pending,0,,,,5
66125db56116598e0daebd62,Emp_167,Training_58,,in_progress,97,,,,2
66125db56116598e0daebd63,Emp_181,Training_21,,pending,0,,,,1
66125db56116598e0daebd64,Emp_35,Training_79,,pending,0,,,,3
66125db56116598e0daebd65,Emp_170,Training_22,,completed,100,56.0,75.0,passed,3
66125db56116598e0daebd66,Emp_49,Training_5,,in_progress,30,,,,5
66125db56116598e0daebd67,Emp_167,Training_44,,pending,0,,,,2
66125db56116598e0daebd68,Emp_85,Training_25,,completed,100,17.0,17.0,failed,2
66125db56116598e0daebd69,Emp_48,Training_87,,completed,100,4.0,98.0,passed,2
66125db56116598e0daebd6a,Emp_6,Training_87,,in_progress,53,,,,2
66125db56116598e0daebd6b,Emp_140,Training_40,,pending,0,,,,5
66125db56116598e0daebd6c,Emp_81,Training_10,,in_progress,4,,,,1
66125db56116598e0daebd6d,Emp_181,Training_80,,in_progress,14,,,,2
66125db56116598e0daebd6e,Emp_11,Training_65,,in_progress,67,,,,2
66125db56116598e0daebd6f,Emp_131,Training_94,,in_progress,63,,,,5
66125db56116598e0daebd70,Emp_162,Training_96,,in_progress,40,,,,3
66125db56116598e0daebd71,Emp_157,Training_39,,in_progress,0,,,,3
66125db56116598e0daebd72,Emp_127,Training_89,,pending,0,,,,3
66125db56116598e0daebd73,Emp_100,Training_72,,completed,100,11.0,27.0,failed,2
66125db56116598e0daebd74,Emp_67,Training_74,,pending,0,,,,3
66125db56116598e0daebd75,Emp_55,Training_43,,completed,100,34.0,51.0,passed,5
66125db56116598e0daebd76,Emp_106,Training_2,,completed,100,4.0,3.0,failed,1
66125db56116598e0daebd77,Emp_92,Training_38,,pending,0,,,,2
66125db56116598e0daebd78,Emp_127,Training_6,,completed,100,25.0,38.0,failed,4
66125db56116598e0daebd79,Emp_81,Training_60,,pending,0,,,,3
66125db56116598e0daebd7a,Emp_19,Training_63,,pending,0,,,,2
66125db56116598e0daebd7b,Emp_15,Training_92,,in_progress,11,,,,4
66125db56116598e0daebd7c,Emp_100,Training_30,,completed,100,37.0,45.0,failed,5
66125db56116598e0daebd7d,Emp_187,Training_59,,completed,100,51.0,62.0,passed,1
66125db56116598e0daebd7e,Emp_18,Training_14,,pending,0,,,,2
66125db56116598e0daebd7f,Emp_90,Training_73,,in_progress,53,,,,2
66125db56116598e0daebd80,Emp_184,Training_89,,pending,0,,,,3
66125db56116598e0daebd81,Emp_73,Training_41,,pending,0,,,,2
66125db56116598e0daebd82,Emp_150,Training_11,,completed,100,28.0,12.0,failed,4
66125db56116598e0daebd84,Emp_196,Training_97,,in_progress,67,,,,3
66125db56116598e0daebd85,Emp_74,Training_25,,in_progress,68,,,,1
66125db56116598e0daebd86,Emp_35,Training_32,,completed,100,23.0,100.0,passed,4
66125db56116598e0daebd87,Emp_1,Training_13,,in_progress,35,,,,4
66125db56116598e0daebd88,Emp_171,Training_63,,completed,100,52.0,47.0,failed,5
66125db56116598e0daebd89,Emp_70,Training_24,,completed,100,27.0,54.0,passed,5
66125db56116598e0daebd8a,Emp_49,Training_90,,pending,0,,,,3
66125db56116598e0daebd8b,Emp_10,Training_19,,pending,0,,,,4
66125db56116598e0daebd8c,Emp_88,Training_86,,completed,100,57.0,47.0,failed,3
66125db56116598e0daebd8f,Emp_109,Training_19,,in_progress,81,,,,5
66125db56116598e0daebd90,Emp_147,Training_43,,completed,100,60.0,93.0,passed,3
66125db56116598e0daebd91,Emp_35,Training_11,,in_progress,54,,,,3
66125db56116598e0daebd92,Emp_28,Training_41,,completed,100,39.0,9.0,failed,4
66125db56116598e0daebd93,Emp_149,Training_30,,completed,100,56.0,26.0,failed,2
66125db56116598e0daebd94,Emp_197,Training_84,,in_progress,49,,,,2
66125db56116598e0daebd95,Emp_120,Training_70,,pending,0,,,,2
66125db56116598e0daebd96,Emp_127,Training_13,,completed,100,33.0,22.0,failed,5
66125db56116598e0daebd97,Emp_70,Training_3,,in_progress,26,,,,3
66125db56116598e0daebd98,Emp_16,Training_98,,in_progress,49,,,,2
66125db56116598e0daebd99,Emp_198,Training_34,,completed,100,53.0,88.0,passed,5
66125db56116598e0daebd9a,Emp_12,Training_75,,pending,0,,,,5
66125db56116598e0daebd9b,Emp_41,Training_33,,in_progress,88,,,,4
66125db56116598e0daebd9c,Emp_48,Training_14,,in_progress,51,,,,2
66125db56116598e0daebd9d,Emp_87,Training_92,,pending,0,,,,4
66125db56116598e0daebd9e,Emp_60,Training_18,,in_progress,72,,,,1
66125db56116598e0daebd9f,Emp_176,Training_61,,pending,0,,,,2
66125db56116598e0daebda0,Emp_56,Training_92,,in_progress,20,,,,3
66125db56116598e0daebda1,Emp_101,Training_56,,completed,100,58.0,64.0,passed,5
66125db56116598e0daebda2,Emp_192,Training_45,,completed,100,5.0,65.0,passed,1
66125db56116598e0daebda3,Emp_139,Training_79,,completed,100,22.0,8.0,failed,1
66125db56116598e0daebda4,Emp_38,Training_96,,pending,0,,,,3
66125db56116598e0daebda5,Emp_115,Training_92,,completed,100,23.0,58.0,passed,2
66125db56116598e0daebda6,Emp_70,Training_45,,completed,100,40.0,54.0,passed,5
66125db56116598e0daebda7,Emp_169,Training_98,,completed,100,44.0,43.0,failed,2
66125db56116598e0daebda8,Emp_29,Training_79,,pending,0,,,,4
66125db56116598e0daebda9,Emp_87,Training_11,,in_progress,59,,,,1
66125db56116598e0daebdaa,Emp_46,Training_71,,in_progress,69,,,,2
66125db56116598e0daebdab,Emp_19,Training_79,,pending,0,,,,5
66125db56116598e0daebdac,Emp_192,Training_53,,pending,0,,,,2
66125db56116598e0daebdad,Emp_20,Training_35,,pending,0,,,,5
66125db56116598e0daebdae,Emp_20,Training_87,,in_progress,47,,,,3
66125db56116598e0daebdaf,Emp_184,Training_9,,completed,100,1.0,99.0,passed,2
66125db56116598e0daebdb0,Emp_145,Training_8,,completed,100,1.0,24.0,failed,3
66125db56116598e0daebdb1,Emp_188,Training_77,,in_progress,96,,,,1
66125db56116598e0daebdb2,Emp_89,Training_31,,in_progress,91,,,,2
66125db56116598e0daebdb3,Emp_197,Training_99,,in_progress,98,,,,5
66125db56116598e0daebdb4,Emp_56,Training_97,,pending,0,,,,1
66125db56116598e0daebdb5,Emp_58,Training_61,,in_progress,10,,,,5
66125db56116598e0daebdb6,Emp_82,Training_64,,pending,0,,,,2
66125db56116598e0daebdb7,Emp_73,Training_5,,pending,0,,,,1
66125db56116598e0daebdb8,Emp_137,Training_55,,pending,0,,,,1
66125db56116598e0daebdb9,Emp_85,Training_26,,completed,100,2.0,15.0,failed,3
66125db56116598e0daebdba,Emp_169,Training_92,,pending,0,,,,2
66125db56116598e0daebdbb,Emp_76,Training_65,,pending,0,,,,2
66125db56116598e0daebdbc,Emp_57,Training_36,,in_progress,74,,,,1
66125db56116598e0daebdbd,Emp_52,Training_71,,in_progress,30,,,,1
66125db56116598e0daebdbe,Emp_55,Training_25,,in_progress,71,,,,5
66125db56116598e0daebdbf,Emp_195,Training_81,,pending,0,,,,2
66125db56116598e0daebdc0,Emp_82,Training_72,,pending,0,,,,2
66125db56116598e0daebdc1,Emp_184,Training_49,,in_progress,80,,,,5
66125db56116598e0daebdc2,Emp_130,Training_93,,in_progress,27,,,,2
66125db56116598e0daebdc3,Emp_106,Training_10,,pending,0,,,,2
66125db56116598e0daebdc4,Emp_116,Training_53,,completed,100,5.0,77.0,passed,2
66125db56116598e0daebdc5,Emp_166,Training_69,,completed,100,45.0,46.0,failed,2
66125db56116598e0daebdc6,Emp_70,Training_61,,completed,100,57.0,32.0,failed,1
66125db56116598e0daebdc7,Emp_164,Training_7,,in_progress,71,,,,3
66125db56116598e0daebdc8,Emp_104,Training_95,,in_progress,70,,,,4
66125db56116598e0daebdc9,Emp_140,Training_54,,pending,0,,,,4
66125db56116598e0daebdca,Emp_52,Training_2,,pending,0,,,,1
66125db56116598e0daebdcb,Emp_31,Training_24,,completed,100,49.0,77.0,passed,4
66125db56116598e0daebdcc,Emp_32,Training_14,,completed,100,22.0,56.0,passed,3
66125db56116598e0daebdcd,Emp_36,Training_9,,in_progress,48,,,,1
66125db56116598e0daebdce,Emp_179,Training_19,,in_progress,40,,,,3
66125db56116598e0daebdd3,Emp_11,Training_83,,pending,0,,,,3
66125db56116598e0daebdd4,Emp_17,Training_45,,in_progress,94,,,,4
66125db56116598e0daebdd5,Emp_126,Training_60,,in_progress,3,,,,1
66125db56116598e0daebdd6,Emp_133,Training_14,,completed,100,9.0,18.0,failed,1
66125db56116598e0daebdd7,Emp_59,Training_85,,in_progress,45,,,,1
66125db56116598e0daebdd8,Emp_113,Training_73,,pending,0,,,,4
66125db56116598e0daebdd9,Emp_113,Training_38,,pending,0,,,,4
66125db56116598e0daebdda,Emp_74,Training_69,,in_progress,66,,,,3
66125db56116598e0daebddb,Emp_1,Training_80,,pending,0,,,,1
66125db56116598e0daebddc,Emp_22,Training_41,,pending,0,,,,5
66125db56116598e0daebddd,Emp_190,Training_81,,completed,100,17.0,13.0,failed,5
66125db56116598e0daebdde,Emp_28,Training_56,,completed,100,52.0,47.0,failed,3
66125db56116598e0daebddf,Emp_91,Training_29,,pending,0,,,,1
66125db56116598e0daebde0,Emp_21,Training_8,,in_progress,43,,,,2
66125db56116598e0daebde1,Emp_154,Training_10,,in_progress,73,,,,2
66125db56116598e0daebde2,Emp_64,Training_40,,completed,100,33.0,60.0,passed,2
66125db56116598e0daebde3,Emp_44,Training_73,,completed,100,26.0,40.0,failed,5
66125db56116598e0daebde4,Emp_154,Training_7,,completed,100,2.0,18.0,failed,5
66125db56116598e0daebde5,Emp_19,Training_65,,pending,0,,,,2
66125db56116598e0daebde6,Emp_171,Training_54,,pending,0,,,,1
66125db56116598e0daebde7,Emp_93,Training_93,,pending,0,,,,1
66125db56116598e0daebde8,Emp_138,Training_20,,in_progress,5,,,,4
66125db56116598e0daebde9,Emp_123,Training_34,,completed,100,17.0,10.0,failed,4
66125db56116598e0daebdea,Emp_175,Training_63,,completed,100,40.0,21.0,failed,1
66125db56116598e0daebdeb,Emp_154,Training_13,,pending,0,,,,1
66125db56116598e0daebdec,Emp_15,Training_1,,completed,100,14.0,97.0,passed,4
66125db56116598e0daebded,Emp_3,Training_21,,completed,100,32.0,94.0,passed,1
66125db56116598e0daebdee,Emp_187,Training_38,,completed,100,55.0,18.0,failed,2
66125db56116598e0daebdef,Emp_132,Training_19,,in_progress,56,,,,2
66125db56116598e0daebdf0,Emp_195,Training_38,,completed,100,7.0,29.0,failed,3
66125db56116598e0daebdf1,Emp_21,Training_58,,pending,0,,,,3
66125db56116598e0daebdf2,Emp_181,Training_15,,completed,100,38.0,65.0,passed,1
66125db56116598e0daebdf3,Emp_3,Training_83,,pending,0,,,,5
66125db56116598e0daebdf4,Emp_135,Training_42,,completed,100,21.0,69.0,passed,4
66125db56116598e0daebdf5,Emp_32,Training_28,,completed,100,57.0,51.0,passed,2
66125db56116598e0daebdf6,Emp_149,Training_49,,pending,0,,,,3
66125db56116598e0daebdf7,Emp_93,Training_3,,pending,0,,,,4
66125db56116598e0daebdf8,Emp_49,Training_53,,completed,100,34.0,18.0,failed,4
66125db56116598e0daebdf9,Emp_152,Training_87,,pending,0,,,,1
